Mile,Minute,Runners,Half
0,0,0,0
1,0,0,0
2,0,0,0
3,0,0,0
4,0,0,0
5,0,0,0
6,0,0,0
7,0,0,0
8,0,0,0
9,0,0,0
10,0,0,0
11,0,0,0
12,0,0,0
13,0,0,0
14,0,0,0
15,0,0,0
16,0,0,0
17,0,0,0
18,0,0,0
19,0,0,0
20,0,0,0
21,0,0,0
22,0,0,0
23,0,0,0
24,0,0,0
25,0,0,0
0,2,940,400
1,2,0,0
2,2,0,0
3,2,0,0
4,2,0,0
5,2,0,0
6,2,0,0
7,2,0,0
8,2,0,0
9,2,0,0
10,2,0,0
11,2,0,0
12,2,0,0
13,2,0,0
14,2,0,0
15,2,0,0
16,2,0,0
17,2,0,0
18,2,0,0
19,2,0,0
20,2,0,0
21,2,0,0
22,2,0,0
23,2,0,0
24,2,0,0
25,2,0,0
0,4,1870,800
1,4,0,0
2,4,0,0
3,4,0,0
4,4,0,0
5,4,0,0
6,4,0,0
7,4,0,0
8,4,0,0
9,4,0,0
10,4,0,0
11,4,0,0
12,4,0,0
13,4,0,0
14,4,0,0
15,4,0,0
16,4,0,0
17,4,0,0
18,4,0,0
19,4,0,0
20,4,0,0
21,4,0,0
22,4,0,0
23,4,0,0
24,4,0,0
25,4,0,0
0,6,2740,1180
1,6,30,0
2,6,0,0
3,6,0,0
4,6,0,0
5,6,0,0
6,6,0,0
7,6,0,0
8,6,0,0
9,6,0,0
10,6,0,0
11,6,0,0
12,6,0,0
13,6,0,0
14,6,0,0
15,6,0,0
16,6,0,0
17,6,0,0
18,6,0,0
19,6,0,0
20,6,0,0
21,6,0,0
22,6,0,0
23,6,0,0
24,6,0,0
25,6,0,0
0,8,3790,1950
1,8,450,200
2,8,0,0
3,8,0,0
4,8,0,0
5,8,0,0
6,8,0,0
7,8,0,0
8,8,0,0
9,8,0,0
10,8,0,0
11,8,0,0
12,8,0,0
13,8,0,0
14,8,0,0
15,8,0,0
16,8,0,0
17,8,0,0
18,8,0,0
19,8,0,0
20,8,0,0
21,8,0,0
22,8,0,0
23,8,0,0
24,8,0,0
25,8,0,0
0,10,4430,2560
1,10,1260,550
2,10,10,0
3,10,0,0
4,10,0,0
5,10,0,0
6,10,0,0
7,10,0,0
8,10,0,0
9,10,0,0
10,10,0,0
11,10,0,0
12,10,0,0
13,10,0,0
14,10,0,0
15,10,0,0
16,10,0,0
17,10,0,0
18,10,0,0
19,10,0,0
20,10,0,0
21,10,0,0
22,10,0,0
23,10,0,0
24,10,0,0
25,10,0,0
0,12,4880,3080
1,12,2230,980
2,12,30,0
3,12,0,0
4,12,0,0
5,12,0,0
6,12,0,0
7,12,0,0
8,12,0,0
9,12,0,0
10,12,0,0
11,12,0,0
12,12,0,0
13,12,0,0
14,12,0,0
15,12,0,0
16,12,0,0
17,12,0,0
18,12,0,0
19,12,0,0
20,12,0,0
21,12,0,0
22,12,0,0
23,12,0,0
24,12,0,0
25,12,0,0
0,14,5120,3480
1,14,2610,1170
2,14,200,70
3,14,0,0
4,14,0,0
5,14,0,0
6,14,0,0
7,14,0,0
8,14,0,0
9,14,0,0
10,14,0,0
11,14,0,0
12,14,0,0
13,14,0,0
14,14,0,0
15,14,0,0
16,14,0,0
17,14,0,0
18,14,0,0
19,14,0,0
20,14,0,0
21,14,0,0
22,14,0,0
23,14,0,0
24,14,0,0
25,14,0,0
0,16,4820,3490
1,16,3290,1620
2,16,570,260
3,16,20,0
4,16,0,0
5,16,0,0
6,16,0,0
7,16,0,0
8,16,0,0
9,16,0,0
10,16,0,0
11,16,0,0
12,16,0,0
13,16,0,0
14,16,0,0
15,16,0,0
16,16,0,0
17,16,0,0
18,16,0,0
19,16,0,0
20,16,0,0
21,16,0,0
22,16,0,0
23,16,0,0
24,16,0,0
25,16,0,0
0,18,4080,3180
1,18,4080,2270
2,18,1290,570
3,18,30,0
4,18,0,0
5,18,0,0
6,18,0,0
7,18,0,0
8,18,0,0
9,18,0,0
10,18,0,0
11,18,0,0
12,18,0,0
13,18,0,0
14,18,0,0
15,18,0,0
16,18,0,0
17,18,0,0
18,18,0,0
19,18,0,0
20,18,0,0
21,18,0,0
22,18,0,0
23,18,0,0
24,18,0,0
25,18,0,0
0,20,3630,3030
1,20,4540,2730
2,20,1940,880
3,20,140,40
4,20,10,0
5,20,0,0
6,20,0,0
7,20,0,0
8,20,0,0
9,20,0,0
10,20,0,0
11,20,0,0
12,20,0,0
13,20,0,0
14,20,0,0
15,20,0,0
16,20,0,0
17,20,0,0
18,20,0,0
19,20,0,0
20,20,0,0
21,20,0,0
22,20,0,0
23,20,0,0
24,20,0,0
25,20,0,0
0,22,3210,2710
1,22,4860,3130
2,22,2200,1000
3,22,350,160
4,22,20,0
5,22,0,0
6,22,0,0
7,22,0,0
8,22,0,0
9,22,0,0
10,22,0,0
11,22,0,0
12,22,0,0
13,22,0,0
14,22,0,0
15,22,0,0
16,22,0,0
17,22,0,0
18,22,0,0
19,22,0,0
20,22,0,0
21,22,0,0
22,22,0,0
23,22,0,0
24,22,0,0
25,22,0,0
0,24,2500,2090
1,24,4890,3380
2,24,2530,1230
3,24,690,300
4,24,30,0
5,24,0,0
6,24,0,0
7,24,0,0
8,24,0,0
9,24,0,0
10,24,0,0
11,24,0,0
12,24,0,0
13,24,0,0
14,24,0,0
15,24,0,0
16,24,0,0
17,24,0,0
18,24,0,0
19,24,0,0
20,24,0,0
21,24,0,0
22,24,0,0
23,24,0,0
24,24,0,0
25,24,0,0
0,26,2780,2260
1,26,4530,3350
2,26,3090,1610
3,26,1220,550
4,26,110,30
5,26,10,0
6,26,0,0
7,26,0,0
8,26,0,0
9,26,0,0
10,26,0,0
11,26,0,0
12,26,0,0
13,26,0,0
14,26,0,0
15,26,0,0
16,26,0,0
17,26,0,0
18,26,0,0
19,26,0,0
20,26,0,0
21,26,0,0
22,26,0,0
23,26,0,0
24,26,0,0
25,26,0,0
0,28,3250,2520
1,28,3950,3100
2,28,3690,2120
3,28,1690,770
4,28,220,90
5,28,30,0
6,28,0,0
7,28,0,0
8,28,0,0
9,28,0,0
10,28,0,0
11,28,0,0
12,28,0,0
13,28,0,0
14,28,0,0
15,28,0,0
16,28,0,0
17,28,0,0
18,28,0,0
19,28,0,0
20,28,0,0
21,28,0,0
22,28,0,0
23,28,0,0
24,28,0,0
25,28,0,0
0,30,3610,2690
1,30,3840,3150
2,30,3990,2440
3,30,1970,900
4,30,490,220
5,30,30,0
6,30,0,0
7,30,0,0
8,30,0,0
9,30,0,0
10,30,0,0
11,30,0,0
12,30,0,0
13,30,0,0
14,30,0,0
15,30,0,0
16,30,0,0
17,30,0,0
18,30,0,0
19,30,0,0
20,30,0,0
21,30,0,0
22,30,0,0
23,30,0,0
24,30,0,0
25,30,0,0
0,32,4630,3260
1,32,3250,2710
2,32,4380,2850
3,32,2120,1050
4,32,710,310
5,32,90,20
6,32,20,0
7,32,0,0
8,32,0,0
9,32,0,0
10,32,0,0
11,32,0,0
12,32,0,0
13,32,0,0
14,32,0,0
15,32,0,0
16,32,0,0
17,32,0,0
18,32,0,0
19,32,0,0
20,32,0,0
21,32,0,0
22,32,0,0
23,32,0,0
24,32,0,0
25,32,0,0
0,34,5700,3940
1,34,2760,2260
2,34,4200,2920
3,34,2450,1270
4,34,1150,540
5,34,180,70
6,34,30,0
7,34,0,0
8,34,0,0
9,34,0,0
10,34,0,0
11,34,0,0
12,34,0,0
13,34,0,0
14,34,0,0
15,34,0,0
16,34,0,0
17,34,0,0
18,34,0,0
19,34,0,0
20,34,0,0
21,34,0,0
22,34,0,0
23,34,0,0
24,34,0,0
25,34,0,0
0,36,5210,3510
1,36,2650,2110
2,36,4020,2980
3,36,2930,1580
4,36,1460,670
5,36,350,150
6,36,20,0
7,36,10,0
8,36,0,0
9,36,0,0
10,36,0,0
11,36,0,0
12,36,0,0
13,36,0,0
14,36,0,0
15,36,0,0
16,36,0,0
17,36,0,0
18,36,0,0
19,36,0,0
20,36,0,0
21,36,0,0
22,36,0,0
23,36,0,0
24,36,0,0
25,36,0,0
0,38,4400,2830
1,38,3080,2320
2,38,3640,2780
3,38,3410,2020
4,38,1680,800
5,38,510,230
6,38,90,20
7,38,20,0
8,38,0,0
9,38,0,0
10,38,0,0
11,38,0,0
12,38,0,0
13,38,0,0
14,38,0,0
15,38,0,0
16,38,0,0
17,38,0,0
18,38,0,0
19,38,0,0
20,38,0,0
21,38,0,0
22,38,0,0
23,38,0,0
24,38,0,0
25,38,0,0
0,40,3530,2040
1,40,3540,2600
2,40,3500,2810
3,40,3620,2220
4,40,1870,950
5,40,760,330
6,40,150,50
7,40,30,0
8,40,0,0
9,40,0,0
10,40,0,0
11,40,0,0
12,40,0,0
13,40,0,0
14,40,0,0
15,40,0,0
16,40,0,0
17,40,0,0
18,40,0,0
19,40,0,0
20,40,0,0
21,40,0,0
22,40,0,0
23,40,0,0
24,40,0,0
25,40,0,0
0,42,2470,1300
1,42,4120,2910
2,42,3270,2700
3,42,3720,2430
4,42,2080,1050
5,42,1040,510
6,42,270,100
7,42,20,0
8,42,10,0
9,42,0,0
10,42,0,0
11,42,0,0
12,42,0,0
13,42,0,0
14,42,0,0
15,42,0,0
16,42,0,0
17,42,0,0
18,42,0,0
19,42,0,0
20,42,0,0
21,42,0,0
22,42,0,0
23,42,0,0
24,42,0,0
25,42,0,0
0,44,1430,470
1,44,4890,3550
2,44,2800,2270
3,44,3740,2670
4,44,2380,1230
5,44,1270,610
6,44,420,190
7,44,50,10
8,44,20,0
9,44,0,0
10,44,0,0
11,44,0,0
12,44,0,0
13,44,0,0
14,44,0,0
15,44,0,0
16,44,0,0
17,44,0,0
18,44,0,0
19,44,0,0
20,44,0,0
21,44,0,0
22,44,0,0
23,44,0,0
24,44,0,0
25,44,0,0
0,46,990,80
1,46,4830,3600
2,46,2610,2090
3,46,3590,2640
4,46,2790,1570
5,46,1500,740
6,46,560,250
7,46,100,30
8,46,20,0
9,46,10,0
10,46,0,0
11,46,0,0
12,46,0,0
13,46,0,0
14,46,0,0
15,46,0,0
16,46,0,0
17,46,0,0
18,46,0,0
19,46,0,0
20,46,0,0
21,46,0,0
22,46,0,0
23,46,0,0
24,46,0,0
25,46,0,0
0,48,920,30
1,48,4220,3260
2,48,2700,1990
3,48,3420,2620
4,48,3060,1850
5,48,1680,840
6,48,720,320
7,48,240,90
8,48,20,0
9,48,20,0
10,48,0,0
11,48,0,0
12,48,0,0
13,48,0,0
14,48,0,0
15,48,0,0
16,48,0,0
17,48,0,0
18,48,0,0
19,48,0,0
20,48,0,0
21,48,0,0
22,48,0,0
23,48,0,0
24,48,0,0
25,48,0,0
0,50,890,0
1,50,3460,2730
2,50,2990,2150
3,50,3330,2590
4,50,3150,1990
5,50,1800,920
6,50,1000,470
7,50,330,140
8,50,10,0
9,50,30,0
10,50,0,0
11,50,0,0
12,50,0,0
13,50,0,0
14,50,0,0
15,50,0,0
16,50,0,0
17,50,0,0
18,50,0,0
19,50,0,0
20,50,0,0
21,50,0,0
22,50,0,0
23,50,0,0
24,50,0,0
25,50,0,0
0,52,11890,11000
1,52,440,0
2,52,1080,0
3,52,600,0
4,52,1090,0
5,52,970,0
6,52,590,0
7,52,240,0
8,52,70,0
9,52,20,0
10,52,10,0
11,52,0,0
12,52,0,0
13,52,0,0
14,52,0,0
15,52,0,0
16,52,0,0
17,52,0,0
18,52,0,0
19,52,0,0
20,52,0,0
21,52,0,0
22,52,0,0
23,52,0,0
24,52,0,0
25,52,0,0
0,54,11890,11000
1,54,240,0
2,54,1170,0
3,54,580,0
4,54,930,0
5,54,1040,0
6,54,710,0
7,54,280,0
8,54,120,0
9,54,20,0
10,54,20,0
11,54,0,0
12,54,0,0
13,54,0,0
14,54,0,0
15,54,0,0
16,54,0,0
17,54,0,0
18,54,0,0
19,54,0,0
20,54,0,0
21,54,0,0
22,54,0,0
23,54,0,0
24,54,0,0
25,54,0,0
0,56,11640,10750
1,56,350,250
2,56,1190,0
3,56,500,0
4,56,930,0
5,56,1040,0
6,56,760,0
7,56,380,0
8,56,160,0
9,56,20,0
10,56,20,0
11,56,10,0
12,56,0,0
13,56,0,0
14,56,0,0
15,56,0,0
16,56,0,0
17,56,0,0
18,56,0,0
19,56,0,0
20,56,0,0
21,56,0,0
22,56,0,0
23,56,0,0
24,56,0,0
25,56,0,0
0,58,3140,2250
1,58,8800,8750
2,58,1070,0
3,58,590,0
4,58,790,0
5,58,1050,0
6,58,820,0
7,58,470,0
8,58,170,0
9,58,70,0
10,58,20,0
11,58,10,0
12,58,0,0
13,58,0,0
14,58,0,0
15,58,0,0
16,58,0,0
17,58,0,0
18,58,0,0
19,58,0,0
20,58,0,0
21,58,0,0
22,58,0,0
23,58,0,0
24,58,0,0
25,58,0,0
0,60,1580,690
1,60,10340,10310
2,60,790,0
3,60,780,0
4,60,750,0
5,60,980,0
6,60,870,0
7,60,550,0
8,60,200,0
9,60,120,0
10,60,20,0
11,60,20,0
12,60,0,0
13,60,0,0
14,60,0,0
15,60,0,0
16,60,0,0
17,60,0,0
18,60,0,0
19,60,0,0
20,60,0,0
21,60,0,0
22,60,0,0
23,60,0,0
24,60,0,0
25,60,0,0
0,62,1470,580
1,62,10160,10160
2,62,850,260
3,62,960,0
4,62,630,0
5,62,960,0
6,62,900,0
7,62,590,0
8,62,280,0
9,62,150,0
10,62,20,0
11,62,20,0
12,62,10,0
13,62,0,0
14,62,0,0
15,62,0,0
16,62,0,0
17,62,0,0
18,62,0,0
19,62,0,0
20,62,0,0
21,62,0,0
22,62,0,0
23,62,0,0
24,62,0,0
25,62,0,0
0,64,1280,390
1,64,6260,6260
2,64,4720,4350
3,64,1100,0
4,64,530,0
5,64,910,0
6,64,900,0
7,64,670,0
8,64,390,0
9,64,140,0
10,64,70,0
11,64,10,0
12,64,20,0
13,64,0,0
14,64,0,0
15,64,0,0
16,64,0,0
17,64,0,0
18,64,0,0
19,64,0,0
20,64,0,0
21,64,0,0
22,64,0,0
23,64,0,0
24,64,0,0
25,64,0,0
0,66,1140,250
1,66,1920,1920
2,66,9050,8820
3,66,1120,10
4,66,500,0
5,66,860,0
6,66,930,0
7,66,750,0
8,66,410,0
9,66,190,0
10,66,90,0
11,66,20,0
12,66,10,0
13,66,10,0
14,66,0,0
15,66,0,0
16,66,0,0
17,66,0,0
18,66,0,0
19,66,0,0
20,66,0,0
21,66,0,0
22,66,0,0
23,66,0,0
24,66,0,0
25,66,0,0
0,68,1060,170
1,68,680,680
2,68,10000,9870
3,68,1310,280
4,68,590,0
5,68,750,0
6,68,930,0
7,68,780,0
8,68,500,0
9,68,220,0
10,68,130,0
11,68,20,0
12,68,20,0
13,68,10,0
14,68,0,0
15,68,0,0
16,68,0,0
17,68,0,0
18,68,0,0
19,68,0,0
20,68,0,0
21,68,0,0
22,68,0,0
23,68,0,0
24,68,0,0
25,68,0,0
0,70,970,80
1,70,610,610
2,70,7770,7700
3,70,3520,2610
4,70,690,0
5,70,710,0
6,70,870,0
7,70,830,0
8,70,530,0
9,70,290,0
10,70,140,0
11,70,40,0
12,70,10,0
13,70,20,0
14,70,0,0
15,70,0,0
16,70,0,0
17,70,0,0
18,70,0,0
19,70,0,0
20,70,0,0
21,70,0,0
22,70,0,0
23,70,0,0
24,70,0,0
25,70,0,0
0,72,880,0
1,72,0,0
2,72,520,480
3,72,3200,2540
4,72,2770,1860
5,72,2810,2210
6,72,2630,1830
7,72,1850,1000
8,72,600,0
9,72,370,0
10,72,160,0
11,72,80,0
12,72,20,0
13,72,10,0
14,72,10,0
15,72,0,0
16,72,0,0
17,72,0,0
18,72,0,0
19,72,0,0
20,72,0,0
21,72,0,0
22,72,0,0
23,72,0,0
24,72,40,40
25,72,0,0
0,74,880,0
1,74,0,0
2,74,280,250
3,74,2790,2290
4,74,3050,2090
5,74,2620,2050
6,74,2730,1910
7,74,1970,1130
8,74,690,0
9,74,370,0
10,74,170,0
11,74,110,0
12,74,20,0
13,74,20,0
14,74,10,0
15,74,0,0
16,74,0,0
17,74,0,0
18,74,0,0
19,74,0,0
20,74,0,0
21,74,0,0
22,74,0,0
23,74,0,0
24,74,70,70
25,74,0,0
0,76,880,0
1,76,0,0
2,76,180,150
3,76,2250,1880
4,76,3210,2230
5,76,2550,2050
6,76,2730,1910
7,76,2140,1290
8,76,690,0
9,76,460,0
10,76,200,0
11,76,140,0
12,76,40,0
13,76,10,0
14,76,20,0
15,76,0,0
16,76,0,0
17,76,0,0
18,76,0,0
19,76,0,0
20,76,0,0
21,76,0,0
22,76,0,0
23,76,0,0
24,76,100,100
25,76,10,10
0,78,880,0
1,78,0,0
2,78,110,110
3,78,1750,1520
4,78,3270,2290
5,78,2490,1880
6,78,2710,1970
7,78,2290,1490
8,78,770,0
9,78,450,0
10,78,280,0
11,78,140,0
12,78,70,0
13,78,20,0
14,78,10,0
15,78,10,0
16,78,0,0
17,78,0,0
18,78,0,0
19,78,0,0
20,78,0,0
21,78,0,0
22,78,0,0
23,78,0,0
24,78,130,130
25,78,20,20
0,80,880,0
1,80,0,0
2,80,80,80
3,80,1420,1260
4,80,3250,2340
5,80,2310,1690
6,80,2760,2070
7,80,2490,1650
8,80,710,0
9,80,540,0
10,80,330,0
11,80,160,0
12,80,100,0
13,80,20,0
14,80,20,0
15,80,10,0
16,80,0,0
17,80,0,0
18,80,0,0
19,80,0,0
20,80,0,0
21,80,0,0
22,80,0,0
23,80,0,0
24,80,120,120
25,80,70,70
0,82,880,0
1,82,0,0
2,82,70,70
3,82,1070,970
4,82,3020,2280
5,82,2570,1770
6,82,2620,2040
7,82,2480,1690
8,82,770,0
9,82,630,0
10,82,330,0
11,82,190,0
12,82,130,0
13,82,20,0
14,82,10,0
15,82,10,0
16,82,10,0
17,82,0,0
18,82,0,0
19,82,0,0
20,82,0,0
21,82,0,0
22,82,0,0
23,82,0,0
24,82,160,160
25,82,100,100
0,84,870,0
1,84,10,0
2,84,40,40
3,84,800,720
4,84,2780,2200
5,84,2720,1830
6,84,2560,2010
7,84,2490,1740
8,84,790,0
9,84,620,0
10,84,400,0
11,84,240,0
12,84,110,0
13,84,60,0
14,84,20,0
15,84,10,0
16,84,10,0
17,84,0,0
18,84,0,0
19,84,0,0
20,84,0,0
21,84,0,0
22,84,0,0
23,84,0,0
24,84,200,200
25,84,100,100
0,86,860,0
1,86,10,0
2,86,20,20
3,86,590,550
4,86,2410,1950
5,86,2880,1930
6,86,2430,1950
7,86,2640,1830
8,86,720,0
9,86,680,0
10,86,430,0
11,86,280,0
12,86,120,0
13,86,90,0
14,86,20,0
15,86,10,0
16,86,20,0
17,86,0,0
18,86,0,0
19,86,0,0
20,86,0,0
21,86,0,0
22,86,0,0
23,86,0,0
24,86,210,210
25,86,100,100
0,88,860,0
1,88,10,0
2,88,0,0
3,88,360,330
4,88,2100,1720
5,88,2970,2120
6,88,2360,1800
7,88,2550,1780
8,88,700,0
9,88,670,0
10,88,510,0
11,88,320,0
12,88,150,0
13,88,120,0
14,88,20,0
15,88,10,0
16,88,10,0
17,88,10,0
18,88,0,0
19,88,0,0
20,88,0,0
21,88,0,0
22,88,0,0
23,88,0,0
24,88,310,310
25,88,90,90
0,90,840,0
1,90,10,0
2,90,0,0
3,90,280,250
4,90,1680,1450
5,90,3080,2200
6,90,2330,1710
7,90,2470,1820
8,90,730,0
9,90,690,0
10,90,580,0
11,90,310,0
12,90,190,0
13,90,110,0
14,90,50,0
15,90,10,0
16,90,20,0
17,90,10,0
18,90,0,0
19,90,0,0
20,90,0,0
21,90,0,0
22,90,0,0
23,90,0,0
24,90,360,360
25,90,160,160
0,92,820,0
1,92,10,0
2,92,0,0
3,92,190,160
4,92,1450,1300
5,92,2940,2130
6,92,2280,1630
7,92,2580,1960
8,92,720,0
9,92,720,0
10,92,570,0
11,92,350,0
12,92,240,0
13,92,110,0
14,92,90,0
15,92,20,0
16,92,10,0
17,92,10,0
18,92,10,0
19,92,0,0
20,92,0,0
21,92,0,0
22,92,0,0
23,92,0,0
24,92,390,390
25,92,200,200
0,94,820,0
1,94,10,0
2,94,0,0
3,94,120,120
4,94,1230,1120
5,94,2720,2070
6,94,2460,1630
7,94,2510,1910
8,94,670,0
9,94,660,0
10,94,650,0
11,94,400,0
12,94,270,0
13,94,110,0
14,94,110,0
15,94,20,0
16,94,10,0
17,94,10,0
18,94,10,0
19,94,0,0
20,94,0,0
21,94,0,0
22,94,0,0
23,94,0,0
24,94,450,450
25,94,210,210
0,96,800,0
1,96,10,0
2,96,0,0
3,96,90,90
4,96,1030,950
5,96,2420,1890
6,96,2620,1760
7,96,2340,1810
8,96,730,0
9,96,690,0
10,96,590,0
11,96,460,0
12,96,310,0
13,96,140,0
14,96,120,0
15,96,30,0
16,96,10,0
17,96,20,0
18,96,10,0
19,96,0,0
20,96,0,0
21,96,0,0
22,96,0,0
23,96,0,0
24,96,430,430
25,96,280,280
0,98,800,0
1,98,10,0
2,98,0,0
3,98,80,80
4,98,790,710
5,98,2150,1740
6,98,2680,1810
7,98,2300,1810
8,98,740,0
9,98,690,0
10,98,590,0
11,98,550,0
12,98,290,0
13,98,190,0
14,98,90,0
15,98,70,0
16,98,20,0
17,98,10,0
18,98,10,0
19,98,10,0
20,98,0,0
21,98,0,0
22,98,0,0
23,98,0,0
24,98,490,490
25,98,340,340
0,100,800,0
1,100,10,0
2,100,0,0
3,100,70,70
4,100,580,540
5,100,1950,1590
6,100,2700,1880
7,100,2380,1780
8,100,600,0
9,100,710,0
10,100,630,0
11,100,530,0
12,100,330,0
13,100,230,0
14,100,120,0
15,100,90,0
16,100,20,0
17,100,10,0
18,100,10,0
19,100,10,0
20,100,0,0
21,100,0,0
22,100,0,0
23,100,0,0
24,100,540,540
25,100,370,370
0,102,780,0
1,102,10,0
2,102,0,0
3,102,60,60
4,102,410,380
5,102,1620,1350
6,102,2790,2030
7,102,2260,1610
8,102,570,0
9,102,690,0
10,102,660,0
11,102,540,0
12,102,380,0
13,102,250,0
14,102,140,0
15,102,100,0
16,102,30,0
17,102,10,0
18,102,20,0
19,102,10,0
20,102,0,0
21,102,0,0
22,102,0,0
23,102,0,0
24,102,640,640
25,102,390,390
0,104,780,0
1,104,10,0
2,104,0,0
3,104,30,30
4,104,310,280
5,104,1460,1270
6,104,2610,1910
7,104,2300,1600
8,104,580,0
9,104,670,0
10,104,620,0
11,104,580,0
12,104,410,0
13,104,290,0
14,104,140,0
15,104,90,0
16,104,60,0
17,104,20,0
18,104,10,0
19,104,10,0
20,104,10,0
21,104,0,0
22,104,0,0
23,104,0,0
24,104,730,730
25,104,420,420
0,106,770,0
1,106,10,0
2,106,0,0
3,106,20,20
4,106,220,190
5,106,1280,1160
6,106,2470,1910
7,106,2380,1570
8,106,530,0
9,106,680,0
10,106,600,0
11,106,590,0
12,106,500,0
13,106,280,0
14,106,160,0
15,106,110,0
16,106,90,0
17,106,20,0
18,106,10,0
19,106,10,0
20,106,10,0
21,106,0,0
22,106,0,0
23,106,0,0
24,106,740,740
25,106,440,440
0,108,760,0
1,108,10,0
2,108,0,0
3,108,0,0
4,108,180,170
5,108,1120,1030
6,108,2280,1780
7,108,2390,1610
8,108,540,0
9,108,670,0
10,108,660,0
11,108,550,0
12,108,540,0
13,108,280,0
14,108,230,0
15,108,90,0
16,108,120,0
17,108,10,0
18,108,10,0
19,108,10,0
20,108,10,0
21,108,10,0
22,108,0,0
23,108,0,0
24,108,720,720
25,108,490,490
0,110,750,0
1,110,10,0
2,110,0,0
3,110,0,0
4,110,120,120
5,110,1010,930
6,110,1970,1550
7,110,2420,1630
8,110,560,0
9,110,610,0
10,110,640,0
11,110,580,0
12,110,500,0
13,110,360,0
14,110,250,0
15,110,130,0
16,110,80,0
17,110,60,0
18,110,20,0
19,110,10,0
20,110,10,0
21,110,10,0
22,110,0,0
23,110,0,0
24,110,730,730
25,110,580,580
0,112,730,0
1,112,20,0
2,112,0,0
3,112,0,0
4,112,110,110
5,112,770,690
6,112,1800,1480
7,112,2470,1700
8,112,590,0
9,112,590,0
10,112,620,0
11,112,590,0
12,112,530,0
13,112,390,0
14,112,260,0
15,112,160,0
16,112,70,0
17,112,90,0
18,112,20,0
19,112,10,0
20,112,10,0
21,112,10,0
22,112,0,0
23,112,0,0
24,112,820,820
25,112,670,670
0,114,710,0
1,114,20,0
2,114,0,0
3,114,0,0
4,114,90,90
5,114,620,570
6,114,1530,1270
7,114,2570,1850
8,114,630,0
9,114,540,0
10,114,660,0
11,114,580,0
12,114,540,0
13,114,440,0
14,114,260,0
15,114,170,0
16,114,120,0
17,114,90,0
18,114,10,0
19,114,10,0
20,114,10,0
21,114,10,0
22,114,10,0
23,114,0,0
24,114,930,930
25,114,700,700
0,116,710,0
1,116,20,0
2,116,0,0
3,116,0,0
4,116,80,80
5,116,480,450
6,116,1380,1150
7,116,2430,1810
8,116,670,0
9,116,550,0
10,116,610,0
11,116,590,0
12,116,550,0
13,116,500,0
14,116,270,0
15,116,220,0
16,116,90,0
17,116,100,0
18,116,30,0
19,116,20,0
20,116,10,0
21,116,10,0
22,116,10,0
23,116,0,0
24,116,990,990
25,116,730,730
0,118,710,0
1,118,20,0
2,118,0,0
3,118,0,0
4,118,80,80
5,118,350,320
6,118,1210,1050
7,118,2300,1830
8,118,770,0
9,118,550,0
10,118,630,0
11,118,600,0
12,118,550,0
13,118,460,0
14,118,320,0
15,118,240,0
16,118,130,0
17,118,70,0
18,118,80,0
19,118,20,0
20,118,10,0
21,118,10,0
22,118,10,0
23,118,0,0
24,118,1250,1250
25,118,680,680
0,120,700,0
1,120,20,0
2,120,0,0
3,120,0,0
4,120,70,70
5,120,260,230
6,120,1110,1020
7,120,2120,1640
8,120,740,0
9,120,510,0
10,120,630,0
11,120,610,0
12,120,550,0
13,120,490,0
14,120,350,0
15,120,250,0
16,120,140,0
17,120,100,0
18,120,90,0
19,120,10,0
20,120,10,0
21,120,10,0
22,120,10,0
23,120,10,0
24,120,1400,1400
25,120,680,680
0,122,700,0
1,122,20,0
2,122,0,0
3,122,0,0
4,122,40,40
5,122,200,170
6,122,1050,980
7,122,1880,1470
8,122,730,0
9,122,550,0
10,122,600,0
11,122,570,0
12,122,580,0
13,122,470,0
14,122,420,0
15,122,240,0
16,122,180,0
17,122,90,0
18,122,100,0
19,122,20,0
20,122,20,0
21,122,10,0
22,122,10,0
23,122,10,0
24,122,1330,1330
25,122,760,760
0,124,680,0
1,124,30,0
2,124,0,0
3,124,0,0
4,124,30,30
5,124,160,150
6,124,960,890
7,124,1680,1350
8,124,700,0
9,124,600,0
10,124,540,0
11,124,610,0
12,124,540,0
13,124,490,0
14,124,480,0
15,124,240,0
16,124,210,0
17,124,100,0
18,124,70,0
19,124,70,0
20,124,20,0
21,124,10,0
22,124,10,0
23,124,0,0
24,124,1360,1350
25,124,880,880
0,126,670,0
1,126,40,0
2,126,0,0
3,126,0,0
4,126,20,20
5,126,130,120
6,126,840,780
7,126,1370,1130
8,126,690,0
9,126,580,0
10,126,530,0
11,126,620,0
12,126,550,0
13,126,510,0
14,126,440,0
15,126,300,0
16,126,240,0
17,126,140,0
18,126,60,0
19,126,90,0
20,126,10,0
21,126,10,0
22,126,10,0
23,126,10,0
24,126,1310,1300
25,126,990,990
0,128,650,0
1,128,50,0
2,128,0,0
3,128,0,0
4,128,0,0
5,128,120,120
6,128,630,560
7,128,1350,1150
8,128,590,0
9,128,620,0
10,128,600,0
11,128,570,0
12,128,550,0
13,128,510,0
14,128,430,0
15,128,340,0
16,128,230,0
17,128,150,0
18,128,110,0
19,128,90,0
20,128,0,0
21,128,20,0
22,128,10,0
23,128,10,0
24,128,1330,1320
25,128,1190,1190
0,130,650,0
1,130,50,0
2,130,0,0
3,130,0,0
4,130,0,0
5,130,110,110
6,130,530,500
7,130,1200,1010
8,130,460,0
9,130,700,0
10,130,550,0
11,130,590,0
12,130,570,0
13,130,480,0
14,130,480,0
15,130,400,0
16,130,210,0
17,130,190,0
18,130,80,0
19,130,80,0
20,130,50,0
21,130,20,0
22,130,10,0
23,130,0,0
24,130,1320,1310
25,130,1270,1260
0,132,630,0
1,132,50,0
2,132,10,0
3,132,0,0
4,132,0,0
5,132,90,90
6,132,410,380
7,132,1100,960
8,132,440,0
9,132,690,0
10,132,510,0
11,132,620,0
12,132,550,0
13,132,530,0
14,132,430,0
15,132,460,0
16,132,210,0
17,132,180,0
18,132,120,0
19,132,60,0
20,132,90,0
21,132,10,0
22,132,10,0
23,132,10,0
24,132,1360,1350
25,132,1280,1270
0,134,620,0
1,134,60,0
2,134,10,0
3,134,0,0
4,134,0,0
5,134,80,80
6,134,330,300
7,134,1010,910
8,134,380,0
9,134,650,0
10,134,590,0
11,134,530,0
12,134,580,0
13,134,520,0
14,134,470,0
15,134,420,0
16,134,260,0
17,134,240,0
18,134,100,0
19,134,100,0
20,134,90,0
21,134,0,0
22,134,20,0
23,134,10,0
24,134,1430,1420
25,134,1240,1230
0,136,610,0
1,136,60,0
2,136,10,0
3,136,0,0
4,136,0,0
5,136,80,80
6,136,240,210
7,136,940,870
8,136,330,0
9,136,660,0
10,136,550,0
11,136,510,0
12,136,610,0
13,136,520,0
14,136,490,0
15,136,390,0
16,136,320,0
17,136,220,0
18,136,150,0
19,136,90,0
20,136,90,0
21,136,30,0
22,136,20,0
23,136,10,0
24,136,1550,1550
25,136,1250,1240
0,138,610,0
1,138,60,0
2,138,10,0
3,138,0,0
4,138,0,0
5,138,70,70
6,138,190,160
7,138,890,840
8,138,260,0
9,138,660,0
10,138,520,0
11,138,580,0
12,138,540,0
13,138,540,0
14,138,490,0
15,138,410,0
16,138,380,0
17,138,200,0
18,138,180,0
19,138,90,0
20,138,50,0
21,138,80,0
22,138,10,0
23,138,10,0
24,138,1480,1470
25,138,1250,1240
0,140,600,0
1,140,70,0
2,140,10,0
3,140,0,0
4,140,0,0
5,140,60,60
6,140,150,140
7,140,830,770
8,140,220,0
9,140,530,0
10,140,620,0
11,140,580,0
12,140,540,0
13,140,530,0
14,140,470,0
15,140,430,0
16,140,410,0
17,140,210,0
18,140,180,0
19,140,120,0
20,140,60,0
21,140,90,0
22,140,10,0
23,140,10,0
24,140,1490,1480
25,140,1230,1220
0,142,600,0
1,142,70,0
2,142,10,0
3,142,0,0
4,142,0,0
5,142,40,40
6,142,130,120
7,142,660,600
8,142,170,0
9,142,460,0
10,142,670,0
11,142,490,0
12,142,580,0
13,142,530,0
14,142,500,0
15,142,430,0
16,142,400,0
17,142,230,0
18,142,220,0
19,142,120,0
20,142,100,0
21,142,60,0
22,142,30,0
23,142,20,0
24,142,1510,1500
25,142,1190,1190
0,144,590,0
1,144,70,0
2,144,10,0
3,144,0,0
4,144,0,0
5,144,20,20
6,144,110,110
7,144,560,520
8,144,160,0
9,144,440,0
10,144,600,0
11,144,520,0
12,144,570,0
13,144,540,0
14,144,460,0
15,144,450,0
16,144,420,0
17,144,290,0
18,144,210,0
19,144,150,0
20,144,80,0
21,144,50,0
22,144,80,0
23,144,10,0
24,144,1440,1430
25,144,1390,1380
0,146,590,0
1,146,70,0
2,146,10,0
3,146,0,0
4,146,0,0
5,146,20,20
6,146,90,90
7,146,480,450
8,146,140,0
9,146,380,0
10,146,600,0
11,146,550,0
12,146,550,0
13,146,540,0
14,146,470,0
15,146,460,0
16,146,380,0
17,146,370,0
18,146,190,0
19,146,180,0
20,146,80,0
21,146,50,0
22,146,90,0
23,146,10,0
24,146,1440,1430
25,146,1420,1410
0,148,580,0
1,148,80,0
2,148,10,0
3,148,0,0
4,148,0,0
5,148,10,10
6,148,100,100
7,148,390,360
8,148,90,0
9,148,350,0
10,148,590,0
11,148,540,0
12,148,520,0
13,148,540,0
14,148,510,0
15,148,440,0
16,148,430,0
17,148,370,0
18,148,200,0
19,148,160,0
20,148,120,0
21,148,80,0
22,148,90,0
23,148,0,0
24,148,1410,1390
25,148,1430,1420
0,150,580,0
1,150,80,0
2,150,10,0
3,150,0,0
4,150,0,0
5,150,0,0
6,150,100,100
7,150,310,280
8,150,70,0
9,150,280,0
10,150,600,0
11,150,510,0
12,150,560,0
13,150,530,0
14,150,530,0
15,150,420,0
16,150,400,0
17,150,410,0
18,150,190,0
19,150,210,0
20,150,110,0
21,150,90,0
22,150,80,0
23,150,40,0
24,150,1350,1340
25,150,1400,1390
0,152,560,0
1,152,100,0
2,152,10,0
3,152,0,0
4,152,0,0
5,152,0,0
6,152,80,80
7,152,240,210
8,152,60,0
9,152,230,0
10,152,510,0
11,152,580,0
12,152,540,0
13,152,510,0
14,152,500,0
15,152,490,0
16,152,380,0
17,152,390,0
18,152,280,0
19,152,190,0
20,152,160,0
21,152,80,0
22,152,40,0
23,152,90,0
24,152,1330,1320
25,152,1420,1410
0,154,560,0
1,154,100,0
2,154,10,0
3,154,0,0
4,154,0,0
5,154,0,0
6,154,80,80
7,154,190,160
8,154,50,0
9,154,180,0
10,154,450,0
11,154,600,0
12,154,480,0
13,154,590,0
14,154,500,0
15,154,420,0
16,154,460,0
17,154,380,0
18,154,330,0
19,154,190,0
20,154,170,0
21,154,80,0
22,154,60,0
23,154,90,0
24,154,1250,1250
25,154,1440,1420
0,156,560,0
1,156,100,0
2,156,10,0
3,156,0,0
4,156,0,0
5,156,0,0
6,156,80,80
7,156,130,120
8,156,60,0
9,156,160,0
10,156,420,0
11,156,560,0
12,156,520,0
13,156,530,0
14,156,520,0
15,156,470,0
16,156,450,0
17,156,380,0
18,156,340,0
19,156,200,0
20,156,150,0
21,156,100,0
22,156,100,0
23,156,60,0
24,156,1210,1180
25,156,1360,1350
0,158,550,0
1,158,100,0
2,158,10,0
3,158,0,0
4,158,0,0
5,158,0,0
6,158,70,70
7,158,120,110
8,158,30,0
9,158,150,0
10,158,400,0
11,158,520,0
12,158,520,0
13,158,540,0
14,158,510,0
15,158,490,0
16,158,420,0
17,158,400,0
18,158,370,0
19,158,170,0
20,158,200,0
21,158,120,0
22,158,80,0
23,158,50,0
24,158,1360,1280
25,158,1350,1340
0,160,550,0
1,160,100,0
2,160,10,0
3,160,0,0
4,160,0,0
5,160,0,0
6,160,50,50
7,160,110,110
8,160,40,0
9,160,130,0
10,160,330,0
11,160,550,0
12,160,490,0
13,160,530,0
14,160,540,0
15,160,500,0
16,160,410,0
17,160,390,0
18,160,350,0
19,160,240,0
20,160,190,0
21,160,150,0
22,160,80,0
23,160,50,0
24,160,1280,1190
25,160,1330,1330
0,162,550,0
1,162,100,0
2,162,10,0
3,162,0,0
4,162,0,0
5,162,0,0
6,162,40,40
7,162,90,90
8,162,30,0
9,162,90,0
10,162,300,0
11,162,540,0
12,162,480,0
13,162,560,0
14,162,510,0
15,162,460,0
16,162,470,0
17,162,370,0
18,162,360,0
19,162,300,0
20,162,190,0
21,162,150,0
22,162,80,0
23,162,80,0
24,162,1330,1270
25,162,1340,1310
0,164,530,0
1,164,110,0
2,164,10,0
3,164,0,0
4,164,0,0
5,164,0,0
6,164,20,20
7,164,90,90
8,164,30,0
9,164,70,0
10,164,250,0
11,164,470,0
12,164,570,0
13,164,520,0
14,164,500,0
15,164,510,0
16,164,380,0
17,164,430,0
18,164,350,0
19,164,360,0
20,164,180,0
21,164,150,0
22,164,100,0
23,164,80,0
24,164,1350,1300
25,164,1240,1180
0,166,530,0
1,166,110,0
2,166,10,0
3,166,0,0
4,166,0,0
5,166,0,0
6,166,20,20
7,166,90,90
8,166,30,0
9,166,60,0
10,166,210,0
11,166,420,0
12,166,570,0
13,166,460,0
14,166,580,0
15,166,460,0
16,166,460,0
17,166,420,0
18,166,350,0
19,166,350,0
20,166,170,0
21,166,190,0
22,166,120,0
23,166,80,0
24,166,1290,1250
25,166,1300,1210
0,168,520,0
1,168,110,0
2,168,10,0
3,168,0,0
4,168,0,0
5,168,0,0
6,168,10,10
7,168,90,90
8,168,30,0
9,168,50,0
10,168,160,0
11,168,420,0
12,168,540,0
13,168,470,0
14,168,540,0
15,168,490,0
16,168,470,0
17,168,400,0
18,168,360,0
19,168,350,0
20,168,220,0
21,168,180,0
22,168,160,0
23,168,80,0
24,168,1380,1330
25,168,1230,1140
0,170,520,0
1,170,110,0
2,170,10,0
3,170,0,0
4,170,0,0
5,170,0,0
6,170,0,0
7,170,90,90
8,170,30,0
9,170,50,0
10,170,120,0
11,170,410,0
12,170,500,0
13,170,490,0
14,170,520,0
15,170,490,0
16,170,500,0
17,170,400,0
18,170,340,0
19,170,350,0
20,170,270,0
21,170,190,0
22,170,140,0
23,170,80,0
24,170,1310,1220
25,170,1260,1210
0,172,510,0
1,172,110,0
2,172,10,0
3,172,0,0
4,172,0,0
5,172,0,0
6,172,0,0
7,172,80,80
8,172,10,0
9,172,60,0
10,172,120,0
11,172,310,0
12,172,550,0
13,172,480,0
14,172,500,0
15,172,520,0
16,172,450,0
17,172,440,0
18,172,320,0
19,172,350,0
20,172,340,0
21,172,170,0
22,172,150,0
23,172,80,0
24,172,1360,1280
25,172,1150,1100
0,174,500,0
1,174,120,0
2,174,10,0
3,174,0,0
4,174,0,0
5,174,0,0
6,174,0,0
7,174,80,80
8,174,10,0
9,174,40,0
10,174,120,0
11,174,280,0
12,174,490,0
13,174,530,0
14,174,500,0
15,174,460,0
16,174,510,0
17,174,370,0
18,174,420,0
19,174,340,0
20,174,310,0
21,174,170,0
22,174,180,0
23,174,120,0
24,174,1270,1200
25,174,1180,1130
0,176,480,0
1,176,120,0
2,176,10,0
3,176,0,0
4,176,0,0
5,176,0,0
6,176,0,0
7,176,80,80
8,176,10,0
9,176,20,0
10,176,100,0
11,176,270,0
12,176,420,0
13,176,550,0
14,176,450,0
15,176,550,0
16,176,440,0
17,176,420,0
18,176,400,0
19,176,370,0
20,176,300,0
21,176,200,0
22,176,170,0
23,176,170,0
24,176,1140,1070
25,176,1290,1230
0,178,470,0
1,178,120,0
2,178,10,0
3,178,0,0
4,178,0,0
5,178,0,0
6,178,0,0
7,178,70,70
8,178,0,0
9,178,30,0
10,178,70,0
11,178,220,0
12,178,410,0
13,178,550,0
14,178,430,0
15,178,540,0
16,178,470,0
17,178,450,0
18,178,400,0
19,178,340,0
20,178,320,0
21,178,250,0
22,178,180,0
23,178,130,0
24,178,1040,960
25,178,1310,1220
0,180,460,0
1,180,120,0
2,180,0,0
3,180,10,0
4,180,0,0
5,180,0,0
6,180,0,0
7,180,50,50
8,180,0,0
9,180,30,0
10,180,60,0
11,180,170,0
12,180,400,0
13,180,540,0
14,180,440,0
15,180,530,0
16,180,460,0
17,180,480,0
18,180,390,0
19,180,340,0
20,180,320,0
21,180,310,0
22,180,150,0
23,180,130,0
24,180,1010,910
25,180,1280,1200
0,182,460,0
1,182,120,0
2,182,0,0
3,182,10,0
4,182,0,0
5,182,0,0
6,182,0,0
7,182,40,40
8,182,0,0
9,182,30,0
10,182,60,0
11,182,160,0
12,182,380,0
13,182,480,0
14,182,450,0
15,182,540,0
16,182,490,0
17,182,450,0
18,182,370,0
19,182,330,0
20,182,340,0
21,182,330,0
22,182,140,0
23,182,180,0
24,182,950,830
25,182,1240,1170
0,184,450,0
1,184,120,0
2,184,0,0
3,184,10,0
4,184,0,0
5,184,0,0
6,184,0,0
7,184,30,30
8,184,0,0
9,184,30,0
10,184,50,0
11,184,120,0
12,184,360,0
13,184,450,0
14,184,490,0
15,184,490,0
16,184,500,0
17,184,450,0
18,184,370,0
19,184,400,0
20,184,320,0
21,184,330,0
22,184,160,0
23,184,150,0
24,184,840,670
25,184,1270,1220
0,186,450,0
1,186,120,0
2,186,0,0
3,186,10,0
4,186,0,0
5,186,0,0
6,186,0,0
7,186,20,20
8,186,0,0
9,186,30,0
10,186,40,0
11,186,120,0
12,186,280,0
13,186,460,0
14,186,510,0
15,186,450,0
16,186,480,0
17,186,470,0
18,186,390,0
19,186,390,0
20,186,340,0
21,186,300,0
22,186,240,0
23,186,160,0
24,186,760,630
25,186,1280,1200
0,188,450,0
1,188,120,0
2,188,0,0
3,188,10,0
4,188,0,0
5,188,0,0
6,188,0,0
7,188,20,20
8,188,0,0
9,188,10,0
10,188,50,0
11,188,120,0
12,188,240,0
13,188,420,0
14,188,500,0
15,188,450,0
16,188,560,0
17,188,410,0
18,188,420,0
19,188,370,0
20,188,320,0
21,188,320,0
22,188,280,0
23,188,150,0
24,188,820,700
25,188,1210,1100
0,190,450,0
1,190,110,0
2,190,10,0
3,190,10,0
4,190,0,0
5,190,0,0
6,190,0,0
7,190,10,10
8,190,0,0
9,190,10,0
10,190,40,0
11,190,80,0
12,190,240,0
13,190,410,0
14,190,460,0
15,190,450,0
16,190,510,0
17,190,460,0
18,190,450,0
19,190,390,0
20,190,300,0
21,190,280,0
22,190,350,0
23,190,130,0
24,190,850,680
25,190,1120,1010
0,192,430,0
1,192,120,0
2,192,10,0
3,192,10,0
4,192,0,0
5,192,0,0
6,192,0,0
7,192,0,0
8,192,0,0
9,192,10,0
10,192,30,0
11,192,60,0
12,192,200,0
13,192,390,0
14,192,530,0
15,192,380,0
16,192,530,0
17,192,470,0
18,192,460,0
19,192,340,0
20,192,330,0
21,192,330,0
22,192,300,0
23,192,160,0
24,192,820,660
25,192,1090,940
0,194,430,0
1,194,120,0
2,194,10,0
3,194,10,0
4,194,0,0
5,194,0,0
6,194,0,0
7,194,0,0
8,194,0,0
9,194,0,0
10,194,30,0
11,194,60,0
12,194,170,0
13,194,370,0
14,194,490,0
15,194,440,0
16,194,500,0
17,194,470,0
18,194,430,0
19,194,350,0
20,194,380,0
21,194,310,0
22,194,280,0
23,194,220,0
24,194,770,610
25,194,990,870
0,196,410,0
1,196,140,0
2,196,10,0
3,196,10,0
4,196,0,0
5,196,0,0
6,196,0,0
7,196,0,0
8,196,0,0
9,196,0,0
10,196,30,0
11,196,60,0
12,196,150,0
13,196,360,0
14,196,410,0
15,196,480,0
16,196,460,0
17,196,470,0
18,196,420,0
19,196,400,0
20,196,360,0
21,196,320,0
22,196,310,0
23,196,240,0
24,196,740,580
25,196,890,780
0,198,400,0
1,198,140,0
2,198,10,0
3,198,10,0
4,198,0,0
5,198,0,0
6,198,0,0
7,198,0,0
8,198,0,0
9,198,0,0
10,198,30,0
11,198,50,0
12,198,130,0
13,198,300,0
14,198,410,0
15,198,510,0
16,198,440,0
17,198,500,0
18,198,400,0
19,198,410,0
20,198,360,0
21,198,320,0
22,198,300,0
23,198,280,0
24,198,710,570
25,198,840,690
0,200,390,0
1,200,150,0
2,200,10,0
3,200,10,0
4,200,0,0
5,200,0,0
6,200,0,0
7,200,0,0
8,200,0,0
9,200,0,0
10,200,30,0
11,200,50,0
12,200,100,0
13,200,270,0
14,200,400,0
15,200,480,0
16,200,430,0
17,200,500,0
18,200,430,0
19,200,420,0
20,200,380,0
21,200,290,0
22,200,300,0
23,200,300,0
24,200,730,590
25,200,770,610
0,202,390,0
1,202,150,0
2,202,10,0
3,202,10,0
4,202,0,0
5,202,0,0
6,202,0,0
7,202,0,0
8,202,0,0
9,202,0,0
10,202,30,0
11,202,40,0
12,202,110,0
13,202,230,0
14,202,380,0
15,202,460,0
16,202,440,0
17,202,470,0
18,202,450,0
19,202,460,0
20,202,320,0
21,202,340,0
22,202,310,0
23,202,270,0
24,202,730,540
25,202,770,610
0,204,380,0
1,204,160,0
2,204,10,0
3,204,10,0
4,204,0,0
5,204,0,0
6,204,0,0
7,204,0,0
8,204,0,0
9,204,0,0
10,204,10,0
11,204,40,0
12,204,90,0
13,204,210,0
14,204,360,0
15,204,490,0
16,204,360,0
17,204,530,0
18,204,480,0
19,204,390,0
20,204,350,0
21,204,360,0
22,204,290,0
23,204,290,0
24,204,710,490
25,204,790,620
0,206,360,0
1,206,180,0
2,206,10,0
3,206,10,0
4,206,0,0
5,206,0,0
6,206,0,0
7,206,0,0
8,206,0,0
9,206,0,0
10,206,10,0
11,206,40,0
12,206,60,0
13,206,180,0
14,206,370,0
15,206,450,0
16,206,440,0
17,206,460,0
18,206,470,0
19,206,420,0
20,206,340,0
21,206,350,0
22,206,310,0
23,206,290,0
24,206,700,420
25,206,780,650
0,208,340,0
1,208,200,0
2,208,10,0
3,208,10,0
4,208,0,0
5,208,0,0
6,208,0,0
7,208,0,0
8,208,0,0
9,208,0,0
10,208,10,0
11,208,30,0
12,208,50,0
13,208,170,0
14,208,360,0
15,208,390,0
16,208,470,0
17,208,430,0
18,208,450,0
19,208,440,0
20,208,390,0
21,208,340,0
22,208,300,0
23,208,270,0
24,208,680,370
25,208,750,630
0,210,340,0
1,210,200,0
2,210,10,0
3,210,10,0
4,210,0,0
5,210,0,0
6,210,0,0
7,210,0,0
8,210,0,0
9,210,0,0
10,210,10,0
11,210,30,0
12,210,50,0
13,210,140,0
14,210,300,0
15,210,410,0
16,210,480,0
17,210,400,0
18,210,500,0
19,210,400,0
20,210,400,0
21,210,370,0
22,210,260,0
23,210,310,0
24,210,640,350
25,210,710,550
0,212,330,0
1,212,200,0
2,212,10,0
3,212,10,0
4,212,0,0
5,212,0,0
6,212,0,0
7,212,0,0
8,212,0,0
9,212,0,0
10,212,0,0
11,212,30,0
12,212,50,0
13,212,130,0
14,212,270,0
15,212,370,0
16,212,500,0
17,212,380,0
18,212,470,0
19,212,430,0
20,212,470,0
21,212,290,0
22,212,340,0
23,212,290,0
24,212,570,330
25,212,760,520
0,214,330,0
1,214,190,0
2,214,20,0
3,214,10,0
4,214,0,0
5,214,0,0
6,214,0,0
7,214,0,0
8,214,0,0
9,214,0,0
10,214,0,0
11,214,30,0
12,214,50,0
13,214,110,0
14,214,240,0
15,214,370,0
16,214,450,0
17,214,420,0
18,214,470,0
19,214,440,0
20,214,430,0
21,214,310,0
22,214,340,0
23,214,290,0
24,214,530,260
25,214,810,550
0,216,320,0
1,216,190,0
2,216,20,0
3,216,10,0
4,216,0,0
5,216,0,0
6,216,0,0
7,216,0,0
8,216,0,0
9,216,0,0
10,216,0,0
11,216,30,0
12,216,40,0
13,216,110,0
14,216,200,0
15,216,360,0
16,216,460,0
17,216,370,0
18,216,510,0
19,216,470,0
20,216,370,0
21,216,330,0
22,216,330,0
23,216,290,0
24,216,510,220
25,216,800,520
0,218,320,0
1,218,170,0
2,218,40,0
3,218,10,0
4,218,0,0
5,218,0,0
6,218,0,0
7,218,0,0
8,218,0,0
9,218,0,0
10,218,0,0
11,218,30,0
12,218,30,0
13,218,80,0
14,218,190,0
15,218,340,0
16,218,470,0
17,218,370,0
18,218,470,0
19,218,460,0
20,218,370,0
21,218,380,0
22,218,340,0
23,218,290,0
24,218,440,180
25,218,800,500
0,220,320,0
1,220,170,0
2,220,40,0
3,220,10,0
4,220,0,0
5,220,0,0
6,220,0,0
7,220,0,0
8,220,0,0
9,220,0,0
10,220,0,0
11,220,20,0
12,220,30,0
13,220,70,0
14,220,160,0
15,220,360,0
16,220,380,0
17,220,440,0
18,220,410,0
19,220,480,0
20,220,400,0
21,220,390,0
22,220,350,0
23,220,250,0
24,220,420,120
25,220,750,480
0,222,320,0
1,222,170,0
2,222,40,0
3,222,10,0
4,222,0,0
5,222,0,0
6,222,0,0
7,222,0,0
8,222,0,0
9,222,0,0
10,222,0,0
11,222,10,0
12,222,40,0
13,222,50,0
14,222,160,0
15,222,320,0
16,222,370,0
17,222,460,0
18,222,360,0
19,222,510,0
20,222,410,0
21,222,420,0
22,222,270,0
23,222,340,0
24,222,380,110
25,222,690,420
0,224,310,0
1,224,180,0
2,224,40,0
3,224,10,0
4,224,0,0
5,224,0,0
6,224,0,0
7,224,0,0
8,224,0,0
9,224,0,0
10,224,0,0
11,224,10,0
12,224,30,0
13,224,50,0
14,224,140,0
15,224,260,0
16,224,380,0
17,224,480,0
18,224,370,0
19,224,450,0
20,224,420,0
21,224,450,0
22,224,290,0
23,224,310,0
24,224,420,110
25,224,620,370
0,226,310,0
1,226,180,0
2,226,40,0
3,226,10,0
4,226,0,0
5,226,0,0
6,226,0,0
7,226,0,0
8,226,0,0
9,226,0,0
10,226,0,0
11,226,10,0
12,226,30,0
13,226,40,0
14,226,140,0
15,226,240,0
16,226,360,0
17,226,450,0
18,226,390,0
19,226,460,0
20,226,450,0
21,226,370,0
22,226,320,0
23,226,320,0
24,226,390,100
25,226,620,360
0,228,310,0
1,228,180,0
2,228,40,0
3,228,0,0
4,228,10,0
5,228,0,0
6,228,0,0
7,228,0,0
8,228,0,0
9,228,0,0
10,228,0,0
11,228,10,0
12,228,30,0
13,228,40,0
14,228,120,0
15,228,240,0
16,228,310,0
17,228,460,0
18,228,380,0
19,228,460,0
20,228,450,0
21,228,330,0
22,228,370,0
23,228,330,0
24,228,370,90
25,228,590,320
0,230,310,0
1,230,180,0
2,230,40,0
3,230,0,0
4,230,10,0
5,230,0,0
6,230,0,0
7,230,0,0
8,230,0,0
9,230,0,0
10,230,0,0
11,230,0,0
12,230,40,0
13,230,40,0
14,230,110,0
15,230,180,0
16,230,360,0
17,230,410,0
18,230,360,0
19,230,460,0
20,230,420,0
21,230,410,0
22,230,380,0
23,230,320,0
24,230,340,90
25,230,580,280
0,232,300,0
1,232,170,0
2,232,50,0
3,232,0,0
4,232,10,0
5,232,0,0
6,232,0,0
7,232,0,0
8,232,0,0
9,232,0,0
10,232,0,0
11,232,0,0
12,232,30,0
13,232,40,0
14,232,70,0
15,232,170,0
16,232,350,0
17,232,380,0
18,232,410,0
19,232,430,0
20,232,430,0
21,232,400,0
22,232,400,0
23,232,290,0
24,232,410,90
25,232,500,230
0,234,300,0
1,234,170,0
2,234,50,0
3,234,0,0
4,234,10,0
5,234,0,0
6,234,0,0
7,234,0,0
8,234,0,0
9,234,0,0
10,234,0,0
11,234,0,0
12,234,30,0
13,234,30,0
14,234,60,0
15,234,160,0
16,234,350,0
17,234,340,0
18,234,450,0
19,234,360,0
20,234,470,0
21,234,370,0
22,234,440,0
23,234,270,0
24,234,380,80
25,234,480,190
0,236,300,0
1,236,160,0
2,236,60,0
3,236,0,0
4,236,10,0
5,236,0,0
6,236,0,0
7,236,0,0
8,236,0,0
9,236,0,0
10,236,0,0
11,236,0,0
12,236,30,0
13,236,20,0
14,236,60,0
15,236,160,0
16,236,270,0
17,236,340,0
18,236,460,0
19,236,360,0
20,236,450,0
21,236,430,0
22,236,390,0
23,236,280,0
24,236,400,60
25,236,430,150
0,238,290,0
1,238,160,0
2,238,60,0
3,238,0,0
4,238,10,0
5,238,0,0
6,238,0,0
7,238,0,0
8,238,0,0
9,238,0,0
10,238,0,0
11,238,0,0
12,238,10,0
13,238,40,0
14,238,50,0
15,238,140,0
16,238,250,0
17,238,350,0
18,238,470,0
19,238,350,0
20,238,440,0
21,238,440,0
22,238,330,0
23,238,340,0
24,238,400,60
25,238,370,110
0,240,290,0
1,240,160,0
2,240,60,0
3,240,0,0
4,240,10,0
5,240,0,0
6,240,0,0
7,240,0,0
8,240,0,0
9,240,0,0
10,240,0,0
11,240,0,0
12,240,10,0
13,240,30,0
14,240,50,0
15,240,130,0
16,240,230,0
17,240,310,0
18,240,460,0
19,240,340,0
20,240,430,0
21,240,460,0
22,240,350,0
23,240,380,0
24,240,390,70
25,240,350,100
0,242,290,0
1,242,160,0
2,242,60,0
3,242,0,0
4,242,10,0
5,242,0,0
6,242,0,0
7,242,0,0
8,242,0,0
9,242,0,0
10,242,0,0
11,242,0,0
12,242,10,0
13,242,30,0
14,242,40,0
15,242,120,0
16,242,230,0
17,242,310,0
18,242,420,0
19,242,330,0
20,242,450,0
21,242,390,0
22,242,420,0
23,242,360,0
24,242,390,60
25,242,380,100
0,244,280,0
1,244,150,0
2,244,70,0
3,244,0,0
4,244,10,0
5,244,0,0
6,244,0,0
7,244,0,0
8,244,0,0
9,244,0,0
10,244,0,0
11,244,0,0
12,244,10,0
13,244,30,0
14,244,40,0
15,244,120,0
16,244,170,0
17,244,290,0
18,244,380,0
19,244,400,0
20,244,380,0
21,244,460,0
22,244,380,0
23,244,430,0
24,244,330,50
25,244,370,100
0,246,270,0
1,246,150,0
2,246,70,0
3,246,0,0
4,246,10,0
5,246,0,0
6,246,0,0
7,246,0,0
8,246,0,0
9,246,0,0
10,246,0,0
11,246,0,0
12,246,10,0
13,246,30,0
14,246,30,0
15,246,90,0
16,246,170,0
17,246,330,0
18,246,330,0
19,246,410,0
20,246,370,0
21,246,450,0
22,246,370,0
23,246,430,0
24,246,320,70
25,246,410,90
0,248,270,0
1,248,150,0
2,248,70,0
3,248,0,0
4,248,10,0
5,248,0,0
6,248,0,0
7,248,0,0
8,248,0,0
9,248,0,0
10,248,0,0
11,248,0,0
12,248,0,0
13,248,40,0
14,248,30,0
15,248,70,0
16,248,140,0
17,248,310,0
18,248,300,0
19,248,450,0
20,248,370,0
21,248,440,0
22,248,410,0
23,248,310,0
24,248,420,60
25,248,400,80
0,250,270,0
1,250,150,0
2,250,70,0
3,250,0,0
4,250,10,0
5,250,0,0
6,250,0,0
7,250,0,0
8,250,0,0
9,250,0,0
10,250,0,0
11,250,0,0
12,250,0,0
13,250,30,0
14,250,30,0
15,250,50,0
16,250,150,0
17,250,270,0
18,250,340,0
19,250,430,0
20,250,350,0
21,250,400,0
22,250,490,0
23,250,290,0
24,250,430,60
25,250,390,90
0,252,270,0
1,252,150,0
2,252,70,0
3,252,0,0
4,252,10,0
5,252,0,0
6,252,0,0
7,252,0,0
8,252,0,0
9,252,0,0
10,252,0,0
11,252,0,0
12,252,0,0
13,252,30,0
14,252,20,0
15,252,50,0
16,252,150,0
17,252,210,0
18,252,350,0
19,252,440,0
20,252,330,0
21,252,390,0
22,252,460,0
23,252,360,0
24,252,420,60
25,252,370,80
0,254,270,0
1,254,150,0
2,254,70,0
3,254,0,0
4,254,10,0
5,254,0,0
6,254,0,0
7,254,0,0
8,254,0,0
9,254,0,0
10,254,0,0
11,254,0,0
12,254,0,0
13,254,10,0
14,254,40,0
15,254,50,0
16,254,120,0
17,254,230,0
18,254,290,0
19,254,430,0
20,254,350,0
21,254,400,0
22,254,380,0
23,254,390,0
24,254,500,70
25,254,330,70
0,256,270,0
1,256,150,0
2,256,70,0
3,256,0,0
4,256,10,0
5,256,0,0
6,256,0,0
7,256,0,0
8,256,0,0
9,256,0,0
10,256,0,0
11,256,0,0
12,256,0,0
13,256,10,0
14,256,40,0
15,256,30,0
16,256,120,0
17,256,190,0
18,256,310,0
19,256,370,0
20,256,380,0
21,256,370,0
22,256,430,0
23,256,390,0
24,256,490,70
25,256,280,50
0,258,270,0
1,258,140,0
2,258,80,0
3,258,0,0
4,258,10,0
5,258,0,0
6,258,0,0
7,258,0,0
8,258,0,0
9,258,0,0
10,258,0,0
11,258,0,0
12,258,0,0
13,258,10,0
14,258,30,0
15,258,40,0
16,258,120,0
17,258,160,0
18,258,300,0
19,258,350,0
20,258,380,0
21,258,360,0
22,258,460,0
23,258,360,0
24,258,440,70
25,258,350,50
0,260,270,0
1,260,140,0
2,260,80,0
3,260,0,0
4,260,10,0
5,260,0,0
6,260,0,0
7,260,0,0
8,260,0,0
9,260,0,0
10,260,0,0
11,260,0,0
12,260,0,0
13,260,10,0
14,260,30,0
15,260,40,0
16,260,110,0
17,260,140,0
18,260,320,0
19,260,270,0
20,260,430,0
21,260,360,0
22,260,420,0
23,260,420,0
24,260,370,50
25,260,400,70
0,262,270,0
1,262,140,0
2,262,80,0
3,262,0,0
4,262,10,0
5,262,0,0
6,262,0,0
7,262,0,0
8,262,0,0
9,262,0,0
10,262,0,0
11,262,0,0
12,262,0,0
13,262,10,0
14,262,30,0
15,262,30,0
16,262,80,0
17,262,140,0
18,262,270,0
19,262,310,0
20,262,430,0
21,262,340,0
22,262,390,0
23,262,480,0
24,262,350,50
25,262,430,60
0,264,270,0
1,264,140,0
2,264,80,0
3,264,0,0
4,264,10,0
5,264,0,0
6,264,0,0
7,264,0,0
8,264,0,0
9,264,0,0
10,264,0,0
11,264,0,0
12,264,0,0
13,264,0,0
14,264,40,0
15,264,20,0
16,264,60,0
17,264,140,0
18,264,250,0
19,264,330,0
20,264,420,0
21,264,320,0
22,264,380,0
23,264,430,0
24,264,420,50
25,264,410,50
0,266,270,0
1,266,130,0
2,266,90,0
3,266,0,0
4,266,10,0
5,266,0,0
6,266,0,0
7,266,0,0
8,266,0,0
9,266,0,0
10,266,0,0
11,266,0,0
12,266,0,0
13,266,0,0
14,266,40,0
15,266,20,0
16,266,40,0
17,266,150,0
18,266,210,0
19,266,320,0
20,266,410,0
21,266,320,0
22,266,390,0
23,266,370,0
24,266,460,40
25,266,460,60
0,268,270,0
1,268,130,0
2,268,80,0
3,268,10,0
4,268,10,0
5,268,0,0
6,268,0,0
7,268,0,0
8,268,0,0
9,268,0,0
10,268,0,0
11,268,0,0
12,268,0,0
13,268,0,0
14,268,40,0
15,268,10,0
16,268,50,0
17,268,140,0
18,268,210,0
19,268,280,0
20,268,370,0
21,268,360,0
22,268,350,0
23,268,440,0
24,268,390,30
25,268,450,60
0,270,270,0
1,270,130,0
2,270,80,0
3,270,10,0
4,270,10,0
5,270,0,0
6,270,0,0
7,270,0,0
8,270,0,0
9,270,0,0
10,270,0,0
11,270,0,0
12,270,0,0
13,270,0,0
14,270,30,0
15,270,20,0
16,270,40,0
17,270,120,0
18,270,180,0
19,270,280,0
20,270,360,0
21,270,360,0
22,270,370,0
23,270,430,0
24,270,400,30
25,270,380,50
0,272,270,0
1,272,130,0
2,272,80,0
3,272,10,0
4,272,10,0
5,272,0,0
6,272,0,0
7,272,0,0
8,272,0,0
9,272,0,0
10,272,0,0
11,272,0,0
12,272,0,0
13,272,0,0
14,272,10,0
15,272,40,0
16,272,30,0
17,272,120,0
18,272,160,0
19,272,300,0
20,272,310,0
21,272,390,0
22,272,330,0
23,272,430,0
24,272,440,20
25,272,390,60
0,274,270,0
1,274,120,0
2,274,90,0
3,274,10,0
4,274,10,0
5,274,0,0
6,274,0,0
7,274,0,0
8,274,0,0
9,274,0,0
10,274,0,0
11,274,0,0
12,274,0,0
13,274,0,0
14,274,10,0
15,274,30,0
16,274,40,0
17,274,110,0
18,274,130,0
19,274,300,0
20,274,270,0
21,274,430,0
22,274,310,0
23,274,400,0
24,274,490,20
25,274,360,60
0,276,270,0
1,276,120,0
2,276,90,0
3,276,10,0
4,276,0,0
5,276,10,0
6,276,0,0
7,276,0,0
8,276,0,0
9,276,0,0
10,276,0,0
11,276,0,0
12,276,0,0
13,276,0,0
14,276,10,0
15,276,30,0
16,276,40,0
17,276,90,0
18,276,120,0
19,276,260,0
20,276,300,0
21,276,410,0
22,276,310,0
23,276,400,0
24,276,430,10
25,276,410,70
0,278,270,0
1,278,120,0
2,278,90,0
3,278,10,0
4,278,0,0
5,278,10,0
6,278,0,0
7,278,0,0
8,278,0,0
9,278,0,0
10,278,0,0
11,278,0,0
12,278,0,0
13,278,0,0
14,278,10,0
15,278,30,0
16,278,30,0
17,278,70,0
18,278,120,0
19,278,230,0
20,278,300,0
21,278,420,0
22,278,320,0
23,278,370,0
24,278,370,10
25,278,470,70
0,280,270,0
1,280,120,0
2,280,90,0
3,280,10,0
4,280,0,0
5,280,10,0
6,280,0,0
7,280,0,0
8,280,0,0
9,280,0,0
10,280,0,0
11,280,0,0
12,280,0,0
13,280,0,0
14,280,10,0
15,280,30,0
16,280,20,0
17,280,60,0
18,280,140,0
19,280,210,0
20,280,280,0
21,280,400,0
22,280,330,0
23,280,340,0
24,280,430,10
25,280,420,70
0,282,270,0
1,282,120,0
2,282,90,0
3,282,10,0
4,282,0,0
5,282,10,0
6,282,0,0
7,282,0,0
8,282,0,0
9,282,0,0
10,282,0,0
11,282,0,0
12,282,0,0
13,282,0,0
14,282,0,0
15,282,40,0
16,282,20,0
17,282,40,0
18,282,140,0
19,282,200,0
20,282,250,0
21,282,360,0
22,282,340,0
23,282,390,0
24,282,410,10
25,282,410,40
0,284,270,0
1,284,120,0
2,284,90,0
3,284,10,0
4,284,0,0
5,284,10,0
6,284,0,0
7,284,0,0
8,284,0,0
9,284,0,0
10,284,0,0
11,284,0,0
12,284,0,0
13,284,0,0
14,284,0,0
15,284,40,0
16,284,10,0
17,284,50,0
18,284,120,0
19,284,170,0
20,284,280,0
21,284,330,0
22,284,360,0
23,284,340,0
24,284,400,0
25,284,470,50
0,286,270,0
1,286,120,0
2,286,90,0
3,286,10,0
4,286,0,0
5,286,10,0
6,286,0,0
7,286,0,0
8,286,0,0
9,286,0,0
10,286,0,0
11,286,0,0
12,286,0,0
13,286,0,0
14,286,0,0
15,286,40,0
16,286,10,0
17,286,40,0
18,286,110,0
19,286,150,0
20,286,300,0
21,286,270,0
22,286,400,0
23,286,340,0
24,286,370,0
25,286,500,50
0,288,270,0
1,288,120,0
2,288,90,0
3,288,10,0
4,288,0,0
5,288,10,0
6,288,0,0
7,288,0,0
8,288,0,0
9,288,0,0
10,288,0,0
11,288,0,0
12,288,0,0
13,288,0,0
14,288,0,0
15,288,30,0
16,288,20,0
17,288,30,0
18,288,120,0
19,288,140,0
20,288,260,0
21,288,270,0
22,288,420,0
23,288,310,0
24,288,340,0
25,288,440,40
0,290,270,0
1,290,120,0
2,290,90,0
3,290,10,0
4,290,0,0
5,290,10,0
6,290,0,0
7,290,0,0
8,290,0,0
9,290,0,0
10,290,0,0
11,290,0,0
12,290,0,0
13,290,0,0
14,290,0,0
15,290,10,0
16,290,30,0
17,290,40,0
18,290,90,0
19,290,120,0
20,290,250,0
21,290,290,0
22,290,400,0
23,290,310,0
24,290,350,0
25,290,400,30
0,292,270,0
1,292,110,0
2,292,100,0
3,292,10,0
4,292,0,0
5,292,10,0
6,292,0,0
7,292,0,0
8,292,0,0
9,292,0,0
10,292,0,0
11,292,0,0
12,292,0,0
13,292,0,0
14,292,0,0
15,292,10,0
16,292,30,0
17,292,30,0
18,292,100,0
19,292,100,0
20,292,220,0
21,292,300,0
22,292,370,0
23,292,340,0
24,292,340,0
25,292,420,30
0,294,270,0
1,294,110,0
2,294,100,0
3,294,10,0
4,294,0,0
5,294,10,0
6,294,0,0
7,294,0,0
8,294,0,0
9,294,0,0
10,294,0,0
11,294,0,0
12,294,0,0
13,294,0,0
14,294,0,0
15,294,10,0
16,294,30,0
17,294,30,0
18,294,70,0
19,294,120,0
20,294,210,0
21,294,280,0
22,294,340,0
23,294,330,0
24,294,350,0
25,294,410,20
0,296,270,0
1,296,110,0
2,296,100,0
3,296,10,0
4,296,0,0
5,296,10,0
6,296,0,0
7,296,0,0
8,296,0,0
9,296,0,0
10,296,0,0
11,296,0,0
12,296,0,0
13,296,0,0
14,296,0,0
15,296,10,0
16,296,30,0
17,296,20,0
18,296,50,0
19,296,140,0
20,296,190,0
21,296,250,0
22,296,350,0
23,296,330,0
24,296,330,0
25,296,410,20
0,298,270,0
1,298,110,0
2,298,100,0
3,298,10,0
4,298,0,0
5,298,10,0
6,298,0,0
7,298,0,0
8,298,0,0
9,298,0,0
10,298,0,0
11,298,0,0
12,298,0,0
13,298,0,0
14,298,0,0
15,298,10,0
16,298,30,0
17,298,20,0
18,298,50,0
19,298,120,0
20,298,170,0
21,298,270,0
22,298,270,0
23,298,400,0
24,298,330,0
25,298,370,20
0,300,270,0
1,300,110,0
2,300,100,0
3,300,10,0
4,300,0,0
5,300,10,0
6,300,0,0
7,300,0,0
8,300,0,0
9,300,0,0
10,300,0,0
11,300,0,0
12,300,0,0
13,300,0,0
14,300,0,0
15,300,10,0
16,300,30,0
17,300,10,0
18,300,50,0
19,300,110,0
20,300,140,0
21,300,280,0
22,300,270,0
23,300,410,0
24,300,290,0
25,300,350,10
0,302,270,0
1,302,110,0
2,302,90,0
3,302,20,0
4,302,0,0
5,302,10,0
6,302,0,0
7,302,0,0
8,302,0,0
9,302,0,0
10,302,0,0
11,302,0,0
12,302,0,0
13,302,0,0
14,302,0,0
15,302,0,0
16,302,40,0
17,302,10,0
18,302,40,0
19,302,110,0
20,302,140,0
21,302,250,0
22,302,270,0
23,302,400,0
24,302,280,0
25,302,360,10
0,304,270,0
1,304,110,0
2,304,90,0
3,304,20,0
4,304,0,0
5,304,10,0
6,304,0,0
7,304,0,0
8,304,0,0
9,304,0,0
10,304,0,0
11,304,0,0
12,304,0,0
13,304,0,0
14,304,0,0
15,304,0,0
16,304,40,0
17,304,10,0
18,304,40,0
19,304,100,0
20,304,120,0
21,304,220,0
22,304,270,0
23,304,390,0
24,304,330,0
25,304,320,10
0,306,270,0
1,306,110,0
2,306,90,0
3,306,20,0
4,306,0,0
5,306,10,0
6,306,0,0
7,306,0,0
8,306,0,0
9,306,0,0
10,306,0,0
11,306,0,0
12,306,0,0
13,306,0,0
14,306,0,0
15,306,0,0
16,306,20,0
17,306,30,0
18,306,30,0
19,306,90,0
20,306,100,0
21,306,220,0
22,306,300,0
23,306,350,0
24,306,320,0
25,306,330,10
0,308,270,0
1,308,110,0
2,308,80,0
3,308,30,0
4,308,0,0
5,308,10,0
6,308,0,0
7,308,0,0
8,308,0,0
9,308,0,0
10,308,0,0
11,308,0,0
12,308,0,0
13,308,0,0
14,308,0,0
15,308,0,0
16,308,20,0
17,308,20,0
18,308,30,0
19,308,80,0
20,308,120,0
21,308,200,0
22,308,260,0
23,308,340,0
24,308,310,0
25,308,330,0
0,310,270,0
1,310,110,0
2,310,80,0
3,310,30,0
4,310,0,0
5,310,10,0
6,310,0,0
7,310,0,0
8,310,0,0
9,310,0,0
10,310,0,0
11,310,0,0
12,310,0,0
13,310,0,0
14,310,0,0
15,310,0,0
16,310,10,0
17,310,30,0
18,310,30,0
19,310,60,0
20,310,130,0
21,310,200,0
22,310,230,0
23,310,320,0
24,310,340,0
25,310,330,0
0,312,270,0
1,312,110,0
2,312,70,0
3,312,40,0
4,312,0,0
5,312,10,0
6,312,0,0
7,312,0,0
8,312,0,0
9,312,0,0
10,312,0,0
11,312,0,0
12,312,0,0
13,312,0,0
14,312,0,0
15,312,0,0
16,312,10,0
17,312,30,0
18,312,20,0
19,312,50,0
20,312,140,0
21,312,160,0
22,312,270,0
23,312,240,0
24,312,400,0
25,312,300,0
0,314,270,0
1,314,100,0
2,314,80,0
3,314,40,0
4,314,0,0
5,314,10,0
6,314,0,0
7,314,0,0
8,314,0,0
9,314,0,0
10,314,0,0
11,314,0,0
12,314,0,0
13,314,0,0
14,314,0,0
15,314,0,0
16,314,10,0
17,314,30,0
18,314,20,0
19,314,50,0
20,314,100,0
21,314,140,0
22,314,290,0
23,314,260,0
24,314,370,0
25,314,320,0
0,316,260,0
1,316,100,0
2,316,80,0
3,316,40,0
4,316,0,0
5,316,10,0
6,316,0,0
7,316,0,0
8,316,0,0
9,316,0,0
10,316,0,0
11,316,0,0
12,316,0,0
13,316,0,0
14,316,0,0
15,316,0,0
16,316,10,0
17,316,30,0
18,316,10,0
19,316,50,0
20,316,110,0
21,316,130,0
22,316,230,0
23,316,300,0
24,316,340,0
25,316,340,0
0,318,260,0
1,318,100,0
2,318,80,0
3,318,40,0
4,318,0,0
5,318,10,0
6,318,0,0
7,318,0,0
8,318,0,0
9,318,0,0
10,318,0,0
11,318,0,0
12,318,0,0
13,318,0,0
14,318,0,0
15,318,0,0
16,318,10,0
17,318,30,0
18,318,10,0
19,318,40,0
20,318,110,0
21,318,110,0
22,318,230,0
23,318,260,0
24,318,370,0
25,318,330,0
0,320,260,0
1,320,100,0
2,320,80,0
3,320,40,0
4,320,0,0
5,320,10,0
6,320,0,0
7,320,0,0
8,320,0,0
9,320,0,0
10,320,0,0
11,320,0,0
12,320,0,0
13,320,0,0
14,320,0,0
15,320,0,0
16,320,0,0
17,320,40,0
18,320,10,0
19,320,40,0
20,320,80,0
21,320,110,0
22,320,210,0
23,320,280,0
24,320,350,0
25,320,330,0
0,322,260,0
1,322,100,0
2,322,80,0
3,322,40,0
4,322,0,0
5,322,10,0
6,322,0,0
7,322,0,0
8,322,0,0
9,322,0,0
10,322,0,0
11,322,0,0
12,322,0,0
13,322,0,0
14,322,0,0
15,322,0,0
16,322,0,0
17,322,40,0
18,322,10,0
19,322,30,0
20,322,90,0
21,322,100,0
22,322,220,0
23,322,230,0
24,322,340,0
25,322,320,0
0,324,260,0
1,324,100,0
2,324,80,0
3,324,40,0
4,324,0,0
5,324,0,0
6,324,10,0
7,324,0,0
8,324,0,0
9,324,0,0
10,324,0,0
11,324,0,0
12,324,0,0
13,324,0,0
14,324,0,0
15,324,0,0
16,324,0,0
17,324,20,0
18,324,20,0
19,324,30,0
20,324,70,0
21,324,130,0
22,324,200,0
23,324,220,0
24,324,260,0
25,324,410,0
0,326,260,0
1,326,100,0
2,326,80,0
3,326,40,0
4,326,0,0
5,326,0,0
6,326,10,0
7,326,0,0
8,326,0,0
9,326,0,0
10,326,0,0
11,326,0,0
12,326,0,0
13,326,0,0
14,326,0,0
15,326,0,0
16,326,0,0
17,326,20,0
18,326,20,0
19,326,30,0
20,326,60,0
21,326,120,0
22,326,170,0
23,326,250,0
24,326,250,0
25,326,400,0
0,328,260,0
1,328,100,0
2,328,80,0
3,328,40,0
4,328,0,0
5,328,0,0
6,328,10,0
7,328,0,0
8,328,0,0
9,328,0,0
10,328,0,0
11,328,0,0
12,328,0,0
13,328,0,0
14,328,0,0
15,328,0,0
16,328,0,0
17,328,20,0
18,328,20,0
19,328,20,0
20,328,60,0
21,328,110,0
22,328,130,0
23,328,260,0
24,328,270,0
25,328,390,0
0,330,2360,2120
1,330,110,0
2,330,80,0
3,330,40,0
4,330,0,0
5,330,0,0
6,330,10,0
7,330,0,0
8,330,0,0
9,330,0,0
10,330,0,0
11,330,0,0
12,330,0,0
13,330,0,0
14,330,0,0
15,330,0,0
16,330,0,0
17,330,10,0
18,330,30,0
19,330,20,0
20,330,50,0
21,330,100,0
22,330,140,0
23,330,220,0
24,330,270,0
25,330,400,0
0,332,2350,2120
1,332,110,0
2,332,80,0
3,332,40,0
4,332,0,0
5,332,0,0
6,332,10,0
7,332,0,0
8,332,0,0
9,332,0,0
10,332,0,0
11,332,0,0
12,332,0,0
13,332,0,0
14,332,0,0
15,332,0,0
16,332,0,0
17,332,10,0
18,332,30,0
19,332,10,0
20,332,50,0
21,332,110,0
22,332,110,0
23,332,210,0
24,332,260,0
25,332,390,0
0,334,2350,2120
1,334,110,0
2,334,70,0
3,334,50,0
4,334,0,0
5,334,0,0
6,334,10,0
7,334,0,0
8,334,0,0
9,334,0,0
10,334,0,0
11,334,0,0
12,334,0,0
13,334,0,0
14,334,0,0
15,334,0,0
16,334,0,0
17,334,10,0
18,334,30,0
19,334,10,0
20,334,40,0
21,334,110,0
22,334,110,0
23,334,180,0
24,334,250,0
25,334,420,0
0,336,900,670
1,336,1560,1450
2,336,70,0
3,336,50,0
4,336,0,0
5,336,0,0
6,336,10,0
7,336,0,0
8,336,0,0
9,336,0,0
10,336,0,0
11,336,0,0
12,336,0,0
13,336,0,0
14,336,0,0
15,336,0,0
16,336,0,0
17,336,10,0
18,336,30,0
19,336,10,0
20,336,40,0
21,336,90,0
22,336,110,0
23,336,200,0
24,336,230,0
25,336,360,0
0,338,430,200
1,338,2030,1920
2,338,60,0
3,338,60,0
4,338,0,0
5,338,0,0
6,338,10,0
7,338,0,0
8,338,0,0
9,338,0,0
10,338,0,0
11,338,0,0
12,338,0,0
13,338,0,0
14,338,0,0
15,338,0,0
16,338,0,0
17,338,0,0
18,338,40,0
19,338,10,0
20,338,40,0
21,338,90,0
22,338,100,0
23,338,200,0
24,338,220,0
25,338,300,0
0,340,430,200
1,340,2030,1920
2,340,60,0
3,340,60,0
4,340,0,0
5,340,0,0
6,340,10,0
7,340,0,0
8,340,0,0
9,340,0,0
10,340,0,0
11,340,0,0
12,340,0,0
13,340,0,0
14,340,0,0
15,340,0,0
16,340,0,0
17,340,0,0
18,340,30,0
19,340,20,0
20,340,20,0
21,340,80,0
22,340,120,0
23,340,160,0
24,340,250,0
25,340,290,0
0,342,430,200
1,342,2030,1920
2,342,60,0
3,342,60,0
4,342,0,0
5,342,0,0
6,342,10,0
7,342,0,0
8,342,0,0
9,342,0,0
10,342,0,0
11,342,0,0
12,342,0,0
13,342,0,0
14,342,0,0
15,342,0,0
16,342,0,0
17,342,0,0
18,342,20,0
19,342,20,0
20,342,30,0
21,342,60,0
22,342,130,0
23,342,120,0
24,342,240,0
25,342,320,0
0,344,430,200
1,344,560,450
2,344,1530,1470
3,344,60,0
4,344,0,0
5,344,0,0
6,344,10,0
7,344,0,0
8,344,0,0
9,344,0,0
10,344,0,0
11,344,0,0
12,344,0,0
13,344,0,0
14,344,0,0
15,344,0,0
16,344,0,0
17,344,0,0
18,344,20,0
19,344,20,0
20,344,20,0
21,344,70,0
22,344,100,0
23,344,120,0
24,344,220,0
25,344,310,0
0,346,430,200
1,346,120,10
2,346,1970,1910
3,346,50,0
4,346,10,0
5,346,0,0
6,346,10,0
7,346,0,0
8,346,0,0
9,346,0,0
10,346,0,0
11,346,0,0
12,346,0,0
13,346,0,0
14,346,0,0
15,346,0,0
16,346,0,0
17,346,0,0
18,346,20,0
19,346,20,0
20,346,20,0
21,346,70,0
22,346,90,0
23,346,120,0
24,346,190,0
25,346,320,0
0,348,430,200
1,348,110,0
2,348,1970,1920
3,348,60,0
4,348,10,0
5,348,0,0
6,348,10,0
7,348,0,0
8,348,0,0
9,348,0,0
10,348,0,0
11,348,0,0
12,348,0,0
13,348,0,0
14,348,0,0
15,348,0,0
16,348,0,0
17,348,0,0
18,348,20,0
19,348,20,0
20,348,20,0
21,348,50,0
22,348,110,0
23,348,100,0
24,348,180,0
25,348,300,0
0,350,230,0
1,350,110,0
2,350,50,0
3,350,60,0
4,350,10,0
5,350,0,0
6,350,10,0
7,350,0,0
8,350,0,0
9,350,0,0
10,350,0,0
11,350,0,0
12,350,0,0
13,350,0,0
14,350,0,0
15,350,0,0
16,350,0,0
17,350,0,0
18,350,10,0
19,350,30,0
20,350,10,0
21,350,60,0
22,350,100,0
23,350,80,0
24,350,200,0
25,350,300,0
0,352,230,0
1,352,100,0
2,352,60,0
3,352,60,0
4,352,10,0
5,352,0,0
6,352,10,0
7,352,0,0
8,352,0,0
9,352,0,0
10,352,0,0
11,352,0,0
12,352,0,0
13,352,0,0
14,352,0,0
15,352,0,0
16,352,0,0
17,352,0,0
18,352,10,0
19,352,30,0
20,352,10,0
21,352,50,0
22,352,80,0
23,352,110,0
24,352,190,0
25,352,290,0
0,354,230,0
1,354,100,0
2,354,60,0
3,354,60,0
4,354,10,0
5,354,0,0
6,354,10,0
7,354,0,0
8,354,0,0
9,354,0,0
10,354,0,0
11,354,0,0
12,354,0,0
13,354,0,0
14,354,0,0
15,354,0,0
16,354,0,0
17,354,0,0
18,354,10,0
19,354,30,0
20,354,10,0
21,354,50,0
22,354,80,0
23,354,100,0
24,354,170,0
25,354,310,0
0,356,220,0
1,356,90,0
2,356,70,0
3,356,60,0
4,356,10,0
5,356,0,0
6,356,10,0
7,356,0,0
8,356,0,0
9,356,0,0
10,356,0,0
11,356,0,0
12,356,0,0
13,356,0,0
14,356,0,0
15,356,0,0
16,356,0,0
17,356,0,0
18,356,10,0
19,356,30,0
20,356,10,0
21,356,30,0
22,356,70,0
23,356,120,0
24,356,120,0
25,356,300,0
0,358,210,0
1,358,100,0
2,358,70,0
3,358,60,0
4,358,10,0
5,358,0,0
6,358,10,0
7,358,0,0
8,358,0,0
9,358,0,0
10,358,0,0
11,358,0,0
12,358,0,0
13,358,0,0
14,358,0,0
15,358,0,0
16,358,0,0
17,358,0,0
18,358,0,0
19,358,30,0
20,358,20,0
21,358,30,0
22,358,50,0
23,358,120,0
24,358,110,0
25,358,290,0
0,360,210,0
1,360,100,0
2,360,70,0
3,360,60,0
4,360,10,0
5,360,0,0
6,360,10,0
7,360,0,0
8,360,0,0
9,360,0,0
10,360,0,0
11,360,0,0
12,360,0,0
13,360,0,0
14,360,0,0
15,360,0,0
16,360,0,0
17,360,0,0
18,360,0,0
19,360,20,0
20,360,20,0
21,360,40,0
22,360,50,0
23,360,100,0
24,360,120,0
25,360,260,0
0,362,210,0
1,362,90,0
2,362,80,0
3,362,60,0
4,362,10,0
5,362,0,0
6,362,10,0
7,362,0,0
8,362,0,0
9,362,0,0
10,362,0,0
11,362,0,0
12,362,0,0
13,362,0,0
14,362,0,0
15,362,0,0
16,362,0,0
17,362,0,0
18,362,0,0
19,362,20,0
20,362,20,0
21,362,30,0
22,362,60,0
23,362,90,0
24,362,100,0
25,362,260,0
0,364,210,0
1,364,90,0
2,364,80,0
3,364,60,0
4,364,10,0
5,364,0,0
6,364,10,0
7,364,0,0
8,364,0,0
9,364,0,0
10,364,0,0
11,364,0,0
12,364,0,0
13,364,0,0
14,364,0,0
15,364,0,0
16,364,0,0
17,364,0,0
18,364,0,0
19,364,20,0
20,364,20,0
21,364,30,0
22,364,50,0
23,364,90,0
24,364,100,0
25,364,260,0
0,366,210,0
1,366,90,0
2,366,80,0
3,366,60,0
4,366,10,0
5,366,0,0
6,366,10,0
7,366,0,0
8,366,0,0
9,366,0,0
10,366,0,0
11,366,0,0
12,366,0,0
13,366,0,0
14,366,0,0
15,366,0,0
16,366,0,0
17,366,0,0
18,366,0,0
19,366,20,0
20,366,20,0
21,366,20,0
22,366,50,0
23,366,100,0
24,366,100,0
25,366,260,0
0,368,210,0
1,368,80,0
2,368,80,0
3,368,70,0
4,368,10,0
5,368,0,0
6,368,10,0
7,368,0,0
8,368,0,0
9,368,0,0
10,368,0,0
11,368,0,0
12,368,0,0
13,368,0,0
14,368,0,0
15,368,0,0
16,368,0,0
17,368,0,0
18,368,0,0
19,368,20,0
20,368,20,0
21,368,20,0
22,368,50,0
23,368,80,0
24,368,120,0
25,368,230,0
0,370,210,0
1,370,80,0
2,370,80,0
3,370,70,0
4,370,10,0
5,370,0,0
6,370,10,0
7,370,0,0
8,370,0,0
9,370,0,0
10,370,0,0
11,370,0,0
12,370,0,0
13,370,0,0
14,370,0,0
15,370,0,0
16,370,0,0
17,370,0,0
18,370,0,0
19,370,10,0
20,370,40,0
21,370,10,0
22,370,40,0
23,370,70,0
24,370,130,0
25,370,220,0
0,372,210,0
1,372,70,0
2,372,90,0
3,372,70,0
4,372,10,0
5,372,0,0
6,372,0,0
7,372,10,0
8,372,0,0
9,372,0,0
10,372,0,0
11,372,0,0
12,372,0,0
13,372,0,0
14,372,0,0
15,372,0,0
16,372,0,0
17,372,0,0
18,372,0,0
19,372,10,0
20,372,40,0
21,372,10,0
22,372,30,0
23,372,60,0
24,372,140,0
25,372,200,0
0,374,210,0
1,374,60,0
2,374,100,0
3,374,70,0
4,374,10,0
5,374,0,0
6,374,0,0
7,374,10,0
8,374,0,0
9,374,0,0
10,374,0,0
11,374,0,0
12,374,0,0
13,374,0,0
14,374,0,0
15,374,0,0
16,374,0,0
17,374,0,0
18,374,0,0
19,374,10,0
20,374,40,0
21,374,10,0
22,374,20,0
23,374,50,0
24,374,130,0
25,374,190,0
0,376,210,0
1,376,50,0
2,376,110,0
3,376,70,0
4,376,10,0
5,376,0,0
6,376,0,0
7,376,10,0
8,376,0,0
9,376,0,0
10,376,0,0
11,376,0,0
12,376,0,0
13,376,0,0
14,376,0,0
15,376,0,0
16,376,0,0
17,376,0,0
18,376,0,0
19,376,0,0
20,376,40,0
21,376,10,0
22,376,30,0
23,376,50,0
24,376,130,0
25,376,170,0
0,378,210,0
1,378,40,0
2,378,120,0
3,378,70,0
4,378,10,0
5,378,0,0
6,378,0,0
7,378,10,0
8,378,0,0
9,378,0,0
10,378,0,0
11,378,0,0
12,378,0,0
13,378,0,0
14,378,0,0
15,378,0,0
16,378,0,0
17,378,0,0
18,378,0,0
19,378,0,0
20,378,30,0
21,378,20,0
22,378,20,0
23,378,60,0
24,378,120,0
25,378,150,0
0,380,210,0
1,380,40,0
2,380,110,0
3,380,80,0
4,380,10,0
5,380,0,0
6,380,0,0
7,380,10,0
8,380,0,0
9,380,0,0
10,380,0,0
11,380,0,0
12,380,0,0
13,380,0,0
14,380,0,0
15,380,0,0
16,380,0,0
17,380,0,0
18,380,0,0
19,380,0,0
20,380,30,0
21,380,20,0
22,380,20,0
23,380,50,0
24,380,120,0
25,380,160,0
0,382,210,0
1,382,30,0
2,382,120,0
3,382,80,0
4,382,10,0
5,382,0,0
6,382,0,0
7,382,10,0
8,382,0,0
9,382,0,0
10,382,0,0
11,382,0,0
12,382,0,0
13,382,0,0
14,382,0,0
15,382,0,0
16,382,0,0
17,382,0,0
18,382,0,0
19,382,0,0
20,382,30,0
21,382,20,0
22,382,20,0
23,382,40,0
24,382,110,0
25,382,170,0
0,384,210,0
1,384,30,0
2,384,120,0
3,384,80,0
4,384,10,0
5,384,0,0
6,384,0,0
7,384,10,0
8,384,0,0
9,384,0,0
10,384,0,0
11,384,0,0
12,384,0,0
13,384,0,0
14,384,0,0
15,384,0,0
16,384,0,0
17,384,0,0
18,384,0,0
19,384,0,0
20,384,30,0
21,384,20,0
22,384,10,0
23,384,50,0
24,384,110,0
25,384,170,0
0,386,210,0
1,386,30,0
2,386,120,0
3,386,80,0
4,386,10,0
5,386,0,0
6,386,0,0
7,386,10,0
8,386,0,0
9,386,0,0
10,386,0,0
11,386,0,0
12,386,0,0
13,386,0,0
14,386,0,0
15,386,0,0
16,386,0,0
17,386,0,0
18,386,0,0
19,386,0,0
20,386,30,0
21,386,20,0
22,386,10,0
23,386,50,0
24,386,110,0
25,386,160,0
0,388,210,0
1,388,30,0
2,388,120,0
3,388,80,0
4,388,10,0
5,388,0,0
6,388,0,0
7,388,10,0
8,388,0,0
9,388,0,0
10,388,0,0
11,388,0,0
12,388,0,0
13,388,0,0
14,388,0,0
15,388,0,0
16,388,0,0
17,388,0,0
18,388,0,0
19,388,0,0
20,388,30,0
21,388,20,0
22,388,10,0
23,388,30,0
24,388,110,0
25,388,170,0
0,390,210,0
1,390,30,0
2,390,120,0
3,390,70,0
4,390,20,0
5,390,0,0
6,390,0,0
7,390,10,0
8,390,0,0
9,390,0,0
10,390,0,0
11,390,0,0
12,390,0,0
13,390,0,0
14,390,0,0
15,390,0,0
16,390,0,0
17,390,0,0
18,390,0,0
19,390,0,0
20,390,30,0
21,390,20,0
22,390,10,0
23,390,30,0
24,390,90,0
25,390,160,0
0,392,210,0
1,392,30,0
2,392,120,0
3,392,70,0
4,392,20,0
5,392,0,0
6,392,0,0
7,392,10,0
8,392,0,0
9,392,0,0
10,392,0,0
11,392,0,0
12,392,0,0
13,392,0,0
14,392,0,0
15,392,0,0
16,392,0,0
17,392,0,0
18,392,0,0
19,392,0,0
20,392,20,0
21,392,30,0
22,392,10,0
23,392,20,0
24,392,100,0
25,392,150,0
0,394,210,0
1,394,30,0
2,394,120,0
3,394,70,0
4,394,20,0
5,394,0,0
6,394,0,0
7,394,10,0
8,394,0,0
9,394,0,0
10,394,0,0
11,394,0,0
12,394,0,0
13,394,0,0
14,394,0,0
15,394,0,0
16,394,0,0
17,394,0,0
18,394,0,0
19,394,0,0
20,394,20,0
21,394,30,0
22,394,0,0
23,394,20,0
24,394,110,0
25,394,150,0
0,396,210,0
1,396,30,0
2,396,110,0
3,396,70,0
4,396,30,0
5,396,0,0
6,396,0,0
7,396,10,0
8,396,0,0
9,396,0,0
10,396,0,0
11,396,0,0
12,396,0,0
13,396,0,0
14,396,0,0
15,396,0,0
16,396,0,0
17,396,0,0
18,396,0,0
19,396,0,0
20,396,10,0
21,396,20,0
22,396,20,0
23,396,20,0
24,396,100,0
25,396,150,0
0,398,210,0
1,398,30,0
2,398,110,0
3,398,70,0
4,398,30,0
5,398,0,0
6,398,0,0
7,398,10,0
8,398,0,0
9,398,0,0
10,398,0,0
11,398,0,0
12,398,0,0
13,398,0,0
14,398,0,0
15,398,0,0
16,398,0,0
17,398,0,0
18,398,0,0
19,398,0,0
20,398,10,0
21,398,20,0
22,398,20,0
23,398,20,0
24,398,110,0
25,398,120,0
0,400,210,0
1,400,30,0
2,400,110,0
3,400,70,0
4,400,30,0
5,400,0,0
6,400,0,0
7,400,10,0
8,400,0,0
9,400,0,0
10,400,0,0
11,400,0,0
12,400,0,0
13,400,0,0
14,400,0,0
15,400,0,0
16,400,0,0
17,400,0,0
18,400,0,0
19,400,0,0
20,400,10,0
21,400,20,0
22,400,20,0
23,400,10,0
24,400,110,0
25,400,130,0
0,402,210,0
1,402,30,0
2,402,110,0
3,402,70,0
4,402,30,0
5,402,0,0
6,402,0,0
7,402,10,0
8,402,0,0
9,402,0,0
10,402,0,0
11,402,0,0
12,402,0,0
13,402,0,0
14,402,0,0
15,402,0,0
16,402,0,0
17,402,0,0
18,402,0,0
19,402,10,0
20,402,0,0
21,402,20,0
22,402,20,0
23,402,10,0
24,402,110,0
25,402,120,0
0,404,200,0
1,404,30,0
2,404,110,0
3,404,70,0
4,404,30,0
5,404,0,0
6,404,0,0
7,404,10,0
8,404,0,0
9,404,0,0
10,404,0,0
11,404,0,0
12,404,0,0
13,404,0,0
14,404,0,0
15,404,0,0
16,404,0,0
17,404,0,0
18,404,0,0
19,404,10,0
20,404,0,0
21,404,20,0
22,404,20,0
23,404,10,0
24,404,110,0
25,404,90,0
0,406,200,0
1,406,30,0
2,406,110,0
3,406,60,0
4,406,40,0
5,406,0,0
6,406,0,0
7,406,10,0
8,406,0,0
9,406,0,0
10,406,0,0
11,406,0,0
12,406,0,0
13,406,0,0
14,406,0,0
15,406,0,0
16,406,0,0
17,406,0,0
18,406,0,0
19,406,10,0
20,406,0,0
21,406,20,0
22,406,20,0
23,406,10,0
24,406,100,0
25,406,90,0
0,408,190,0
1,408,30,0
2,408,110,0
3,408,60,0
4,408,40,0
5,408,0,0
6,408,0,0
7,408,10,0
8,408,0,0
9,408,0,0
10,408,0,0
11,408,0,0
12,408,0,0
13,408,0,0
14,408,0,0
15,408,0,0
16,408,0,0
17,408,0,0
18,408,0,0
19,408,10,0
20,408,0,0
21,408,20,0
22,408,20,0
23,408,10,0
24,408,80,0
25,408,100,0
0,410,190,0
1,410,30,0
2,410,110,0
3,410,60,0
4,410,40,0
5,410,0,0
6,410,0,0
7,410,10,0
8,410,0,0
9,410,0,0
10,410,0,0
11,410,0,0
12,410,0,0
13,410,0,0
14,410,0,0
15,410,0,0
16,410,0,0
17,410,0,0
18,410,0,0
19,410,10,0
20,410,0,0
21,410,20,0
22,410,20,0
23,410,10,0
24,410,80,0
25,410,100,0
0,412,190,0
1,412,20,0
2,412,120,0
3,412,60,0
4,412,40,0
5,412,0,0
6,412,0,0
7,412,10,0
8,412,0,0
9,412,0,0
10,412,0,0
11,412,0,0
12,412,0,0
13,412,0,0
14,412,0,0
15,412,0,0
16,412,0,0
17,412,0,0
18,412,0,0
19,412,10,0
20,412,0,0
21,412,10,0
22,412,30,0
23,412,0,0
24,412,80,0
25,412,100,0
0,414,190,0
1,414,20,0
2,414,120,0
3,414,60,0
4,414,40,0
5,414,0,0
6,414,0,0
7,414,10,0
8,414,0,0
9,414,0,0
10,414,0,0
11,414,0,0
12,414,0,0
13,414,0,0
14,414,0,0
15,414,0,0
16,414,0,0
17,414,0,0
18,414,0,0
19,414,10,0
20,414,0,0
21,414,0,0
22,414,20,0
23,414,20,0
24,414,90,0
25,414,100,0
0,416,190,0
1,416,20,0
2,416,120,0
3,416,60,0
4,416,40,0
5,416,0,0
6,416,0,0
7,416,10,0
8,416,0,0
9,416,0,0
10,416,0,0
11,416,0,0
12,416,0,0
13,416,0,0
14,416,0,0
15,416,0,0
16,416,0,0
17,416,0,0
18,416,0,0
19,416,10,0
20,416,0,0
21,416,0,0
22,416,20,0
23,416,20,0
24,416,90,0
25,416,100,0
0,418,190,0
1,418,20,0
2,418,120,0
3,418,60,0
4,418,40,0
5,418,0,0
6,418,0,0
7,418,10,0
8,418,0,0
9,418,0,0
10,418,0,0
11,418,0,0
12,418,0,0
13,418,0,0
14,418,0,0
15,418,0,0
16,418,0,0
17,418,0,0
18,418,0,0
19,418,10,0
20,418,0,0
21,418,0,0
22,418,20,0
23,418,30,0
24,418,70,0
25,418,120,0
0,420,190,0
1,420,20,0
2,420,110,0
3,420,70,0
4,420,40,0
5,420,0,0
6,420,0,0
7,420,0,0
8,420,10,0
9,420,0,0
10,420,0,0
11,420,0,0
12,420,0,0
13,420,0,0
14,420,0,0
15,420,0,0
16,420,0,0
17,420,0,0
18,420,0,0
19,420,10,0
20,420,0,0
21,420,0,0
22,420,20,0
23,420,30,0
24,420,70,0
25,420,110,0
0,422,190,0
1,422,20,0
2,422,110,0
3,422,70,0
4,422,40,0
5,422,0,0
6,422,0,0
7,422,0,0
8,422,10,0
9,422,0,0
10,422,0,0
11,422,0,0
12,422,0,0
13,422,0,0
14,422,0,0
15,422,0,0
16,422,0,0
17,422,0,0
18,422,0,0
19,422,10,0
20,422,0,0
21,422,0,0
22,422,20,0
23,422,40,0
24,422,70,0
25,422,90,0
0,424,190,0
1,424,20,0
2,424,110,0
3,424,70,0
4,424,30,0
5,424,10,0
6,424,0,0
7,424,0,0
8,424,10,0
9,424,0,0
10,424,0,0
11,424,0,0
12,424,0,0
13,424,0,0
14,424,0,0
15,424,0,0
16,424,0,0
17,424,0,0
18,424,0,0
19,424,10,0
20,424,0,0
21,424,0,0
22,424,20,0
23,424,40,0
24,424,70,0
25,424,100,0
0,426,190,0
1,426,20,0
2,426,110,0
3,426,70,0
4,426,30,0
5,426,10,0
6,426,0,0
7,426,0,0
8,426,10,0
9,426,0,0
10,426,0,0
11,426,0,0
12,426,0,0
13,426,0,0
14,426,0,0
15,426,0,0
16,426,0,0
17,426,0,0
18,426,0,0
19,426,10,0
20,426,0,0
21,426,0,0
22,426,20,0
23,426,40,0
24,426,70,0
25,426,90,0
0,428,190,0
1,428,20,0
2,428,110,0
3,428,70,0
4,428,30,0
5,428,10,0
6,428,0,0
7,428,0,0
8,428,10,0
9,428,0,0
10,428,0,0
11,428,0,0
12,428,0,0
13,428,0,0
14,428,0,0
15,428,0,0
16,428,0,0
17,428,0,0
18,428,0,0
19,428,10,0
20,428,0,0
21,428,0,0
22,428,20,0
23,428,40,0
24,428,70,0
25,428,90,0
0,430,190,0
1,430,20,0
2,430,110,0
3,430,70,0
4,430,30,0
5,430,10,0
6,430,0,0
7,430,0,0
8,430,10,0
9,430,0,0
10,430,0,0
11,430,0,0
12,430,0,0
13,430,0,0
14,430,0,0
15,430,0,0
16,430,0,0
17,430,0,0
18,430,0,0
19,430,10,0
20,430,0,0
21,430,0,0
22,430,20,0
23,430,40,0
24,430,60,0
25,430,90,0
0,432,190,0
1,432,20,0
2,432,110,0
3,432,70,0
4,432,30,0
5,432,10,0
6,432,0,0
7,432,0,0
8,432,10,0
9,432,0,0
10,432,0,0
11,432,0,0
12,432,0,0
13,432,0,0
14,432,0,0
15,432,0,0
16,432,0,0
17,432,0,0
18,432,0,0
19,432,10,0
20,432,0,0
21,432,0,0
22,432,20,0
23,432,30,0
24,432,80,0
25,432,80,0
0,434,190,0
1,434,20,0
2,434,110,0
3,434,60,0
4,434,40,0
5,434,10,0
6,434,0,0
7,434,0,0
8,434,10,0
9,434,0,0
10,434,0,0
11,434,0,0
12,434,0,0
13,434,0,0
14,434,0,0
15,434,0,0
16,434,0,0
17,434,0,0
18,434,0,0
19,434,10,0
20,434,0,0
21,434,0,0
22,434,0,0
23,434,50,0
24,434,80,0
25,434,80,0
0,436,190,0
1,436,20,0
2,436,110,0
3,436,60,0
4,436,40,0
5,436,10,0
6,436,0,0
7,436,0,0
8,436,10,0
9,436,0,0
10,436,0,0
11,436,0,0
12,436,0,0
13,436,0,0
14,436,0,0
15,436,0,0
16,436,0,0
17,436,0,0
18,436,10,0
19,436,0,0
20,436,0,0
21,436,0,0
22,436,0,0
23,436,50,0
24,436,90,0
25,436,60,0
0,438,190,0
1,438,20,0
2,438,110,0
3,438,60,0
4,438,40,0
5,438,10,0
6,438,0,0
7,438,0,0
8,438,10,0
9,438,0,0
10,438,0,0
11,438,0,0
12,438,0,0
13,438,0,0
14,438,0,0
15,438,0,0
16,438,0,0
17,438,0,0
18,438,10,0
19,438,0,0
20,438,0,0
21,438,0,0
22,438,0,0
23,438,50,0
24,438,90,0
25,438,60,0
0,440,190,0
1,440,20,0
2,440,110,0
3,440,50,0
4,440,50,0
5,440,10,0
6,440,0,0
7,440,0,0
8,440,10,0
9,440,0,0
10,440,0,0
11,440,0,0
12,440,0,0
13,440,0,0
14,440,0,0
15,440,0,0
16,440,0,0
17,440,0,0
18,440,10,0
19,440,0,0
20,440,0,0
21,440,0,0
22,440,0,0
23,440,50,0
24,440,90,0
25,440,60,0
0,442,190,0
1,442,20,0
2,442,110,0
3,442,50,0
4,442,50,0
5,442,10,0
6,442,0,0
7,442,0,0
8,442,10,0
9,442,0,0
10,442,0,0
11,442,0,0
12,442,0,0
13,442,0,0
14,442,0,0
15,442,0,0
16,442,0,0
17,442,0,0
18,442,10,0
19,442,0,0
20,442,0,0
21,442,0,0
22,442,0,0
23,442,50,0
24,442,90,0
25,442,60,0
0,444,190,0
1,444,20,0
2,444,110,0
3,444,50,0
4,444,50,0
5,444,10,0
6,444,0,0
7,444,0,0
8,444,10,0
9,444,0,0
10,444,0,0
11,444,0,0
12,444,0,0
13,444,0,0
14,444,0,0
15,444,0,0
16,444,0,0
17,444,0,0
18,444,10,0
19,444,0,0
20,444,0,0
21,444,0,0
22,444,0,0
23,444,60,0
24,444,80,0
25,444,60,0
0,446,190,0
1,446,20,0
2,446,110,0
3,446,50,0
4,446,50,0
5,446,10,0
6,446,0,0
7,446,0,0
8,446,10,0
9,446,0,0
10,446,0,0
11,446,0,0
12,446,0,0
13,446,0,0
14,446,0,0
15,446,0,0
16,446,0,0
17,446,0,0
18,446,10,0
19,446,0,0
20,446,0,0
21,446,0,0
22,446,0,0
23,446,70,0
24,446,70,0
25,446,60,0
0,448,190,0
1,448,20,0
2,448,110,0
3,448,50,0
4,448,50,0
5,448,10,0
6,448,0,0
7,448,0,0
8,448,10,0
9,448,0,0
10,448,0,0
11,448,0,0
12,448,0,0
13,448,0,0
14,448,0,0
15,448,0,0
16,448,0,0
17,448,0,0
18,448,10,0
19,448,0,0
20,448,0,0
21,448,0,0
22,448,0,0
23,448,70,0
24,448,70,0
25,448,50,0
0,450,190,0
1,450,20,0
2,450,110,0
3,450,50,0
4,450,50,0
5,450,10,0
6,450,0,0
7,450,0,0
8,450,10,0
9,450,0,0
10,450,0,0
11,450,0,0
12,450,0,0
13,450,0,0
14,450,0,0
15,450,0,0
16,450,0,0
17,450,0,0
18,450,10,0
19,450,0,0
20,450,0,0
21,450,0,0
22,450,0,0
23,450,70,0
24,450,70,0
25,450,50,0
0,452,190,0
1,452,20,0
2,452,110,0
3,452,40,0
4,452,60,0
5,452,10,0
6,452,0,0
7,452,0,0
8,452,10,0
9,452,0,0
10,452,0,0
11,452,0,0
12,452,0,0
13,452,0,0
14,452,0,0
15,452,0,0
16,452,0,0
17,452,0,0
18,452,10,0
19,452,0,0
20,452,0,0
21,452,0,0
22,452,0,0
23,452,70,0
24,452,50,0
25,452,70,0
0,454,190,0
1,454,20,0
2,454,100,0
3,454,50,0
4,454,60,0
5,454,10,0
6,454,0,0
7,454,0,0
8,454,10,0
9,454,0,0
10,454,0,0
11,454,0,0
12,454,0,0
13,454,0,0
14,454,0,0
15,454,0,0
16,454,0,0
17,454,0,0
18,454,10,0
19,454,0,0
20,454,0,0
21,454,0,0
22,454,0,0
23,454,60,0
24,454,60,0
25,454,70,0
0,456,190,0
1,456,20,0
2,456,100,0
3,456,50,0
4,456,60,0
5,456,10,0
6,456,0,0
7,456,0,0
8,456,10,0
9,456,0,0
10,456,0,0
11,456,0,0
12,456,0,0
13,456,0,0
14,456,0,0
15,456,0,0
16,456,0,0
17,456,0,0
18,456,10,0
19,456,0,0
20,456,0,0
21,456,0,0
22,456,0,0
23,456,50,0
24,456,70,0
25,456,70,0
0,458,190,0
1,458,20,0
2,458,100,0
3,458,50,0
4,458,60,0
5,458,10,0
6,458,0,0
7,458,0,0
8,458,10,0
9,458,0,0
10,458,0,0
11,458,0,0
12,458,0,0
13,458,0,0
14,458,0,0
15,458,0,0
16,458,0,0
17,458,0,0
18,458,10,0
19,458,0,0
20,458,0,0
21,458,0,0
22,458,0,0
23,458,60,0
24,458,60,0
25,458,70,0
0,460,190,0
1,460,20,0
2,460,100,0
3,460,50,0
4,460,60,0
5,460,10,0
6,460,0,0
7,460,0,0
8,460,10,0
9,460,0,0
10,460,0,0
11,460,0,0
12,460,0,0
13,460,0,0
14,460,0,0
15,460,0,0
16,460,0,0
17,460,0,0
18,460,10,0
19,460,0,0
20,460,0,0
21,460,0,0
22,460,0,0
23,460,60,0
24,460,60,0
25,460,70,0
0,462,190,0
1,462,20,0
2,462,100,0
3,462,50,0
4,462,60,0
5,462,10,0
6,462,0,0
7,462,0,0
8,462,10,0
9,462,0,0
10,462,0,0
11,462,0,0
12,462,0,0
13,462,0,0
14,462,0,0
15,462,0,0
16,462,0,0
17,462,0,0
18,462,10,0
19,462,0,0
20,462,0,0
21,462,0,0
22,462,0,0
23,462,60,0
24,462,60,0
25,462,70,0
0,464,190,0
1,464,20,0
2,464,100,0
3,464,50,0
4,464,60,0
5,464,10,0
6,464,0,0
7,464,0,0
8,464,10,0
9,464,0,0
10,464,0,0
11,464,0,0
12,464,0,0
13,464,0,0
14,464,0,0
15,464,0,0
16,464,0,0
17,464,0,0
18,464,10,0
19,464,0,0
20,464,0,0
21,464,0,0
22,464,0,0
23,464,60,0
24,464,60,0
25,464,80,0
0,466,190,0
1,466,20,0
2,466,100,0
3,466,50,0
4,466,60,0
5,466,10,0
6,466,0,0
7,466,0,0
8,466,10,0
9,466,0,0
10,466,0,0
11,466,0,0
12,466,0,0
13,466,0,0
14,466,0,0
15,466,0,0
16,466,0,0
17,466,0,0
18,466,10,0
19,466,0,0
20,466,0,0
21,466,0,0
22,466,0,0
23,466,60,0
24,466,70,0
25,466,70,0
0,468,190,0
1,468,20,0
2,468,100,0
3,468,50,0
4,468,60,0
5,468,10,0
6,468,0,0
7,468,0,0
8,468,0,0
9,468,10,0
10,468,0,0
11,468,0,0
12,468,0,0
13,468,0,0
14,468,0,0
15,468,0,0
16,468,0,0
17,468,10,0
18,468,0,0
19,468,0,0
20,468,0,0
21,468,0,0
22,468,0,0
23,468,60,0
24,468,70,0
25,468,70,0
0,470,190,0
1,470,20,0
2,470,100,0
3,470,50,0
4,470,60,0
5,470,10,0
6,470,0,0
7,470,0,0
8,470,0,0
9,470,10,0
10,470,0,0
11,470,0,0
12,470,0,0
13,470,0,0
14,470,0,0
15,470,0,0
16,470,0,0
17,470,10,0
18,470,0,0
19,470,0,0
20,470,0,0
21,470,0,0
22,470,0,0
23,470,60,0
24,470,70,0
25,470,60,0
0,472,190,0
1,472,20,0
2,472,100,0
3,472,50,0
4,472,60,0
5,472,10,0
6,472,0,0
7,472,0,0
8,472,0,0
9,472,10,0
10,472,0,0
11,472,0,0
12,472,0,0
13,472,0,0
14,472,0,0
15,472,0,0
16,472,0,0
17,472,10,0
18,472,0,0
19,472,0,0
20,472,0,0
21,472,0,0
22,472,10,0
23,472,50,0
24,472,70,0
25,472,50,0
0,474,190,0
1,474,20,0
2,474,100,0
3,474,50,0
4,474,60,0
5,474,10,0
6,474,0,0
7,474,0,0
8,474,0,0
9,474,10,0
10,474,0,0
11,474,0,0
12,474,0,0
13,474,0,0
14,474,0,0
15,474,0,0
16,474,0,0
17,474,10,0
18,474,0,0
19,474,0,0
20,474,0,0
21,474,0,0
22,474,10,0
23,474,50,0
24,474,60,0
25,474,70,0
0,476,190,0
1,476,20,0
2,476,100,0
3,476,50,0
4,476,60,0
5,476,10,0
6,476,0,0
7,476,0,0
8,476,0,0
9,476,10,0
10,476,0,0
11,476,0,0
12,476,0,0
13,476,0,0
14,476,0,0
15,476,0,0
16,476,0,0
17,476,10,0
18,476,0,0
19,476,0,0
20,476,0,0
21,476,0,0
22,476,10,0
23,476,50,0
24,476,60,0
25,476,70,0
0,478,190,0
1,478,20,0
2,478,100,0
3,478,40,0
4,478,60,0
5,478,20,0
6,478,0,0
7,478,0,0
8,478,0,0
9,478,10,0
10,478,0,0
11,478,0,0
12,478,0,0
13,478,0,0
14,478,0,0
15,478,0,0
16,478,0,0
17,478,10,0
18,478,0,0
19,478,0,0
20,478,0,0
21,478,0,0
22,478,20,0
23,478,50,0
24,478,40,0
25,478,80,0
0,480,190,0
1,480,20,0
2,480,100,0
3,480,40,0
4,480,60,0
5,480,20,0
6,480,0,0
7,480,0,0
8,480,0,0
9,480,10,0
10,480,0,0
11,480,0,0
12,480,0,0
13,480,0,0
14,480,0,0
15,480,0,0
16,480,0,0
17,480,10,0
18,480,0,0
19,480,0,0
20,480,0,0
21,480,0,0
22,480,20,0
23,480,50,0
24,480,40,0
25,480,80,0
0,482,190,0
1,482,20,0
2,482,100,0
3,482,40,0
4,482,60,0
5,482,20,0
6,482,0,0
7,482,0,0
8,482,0,0
9,482,10,0
10,482,0,0
11,482,0,0
12,482,0,0
13,482,0,0
14,482,0,0
15,482,0,0
16,482,0,0
17,482,10,0
18,482,0,0
19,482,0,0
20,482,0,0
21,482,0,0
22,482,20,0
23,482,50,0
24,482,40,0
25,482,80,0
0,484,190,0
1,484,20,0
2,484,100,0
3,484,40,0
4,484,60,0
5,484,20,0
6,484,0,0
7,484,0,0
8,484,0,0
9,484,10,0
10,484,0,0
11,484,0,0
12,484,0,0
13,484,0,0
14,484,0,0
15,484,0,0
16,484,0,0
17,484,10,0
18,484,0,0
19,484,0,0
20,484,0,0
21,484,0,0
22,484,20,0
23,484,50,0
24,484,40,0
25,484,80,0
0,486,190,0
1,486,20,0
2,486,100,0
3,486,40,0
4,486,50,0
5,486,30,0
6,486,0,0
7,486,0,0
8,486,0,0
9,486,10,0
10,486,0,0
11,486,0,0
12,486,0,0
13,486,0,0
14,486,0,0
15,486,0,0
16,486,0,0
17,486,10,0
18,486,0,0
19,486,0,0
20,486,0,0
21,486,0,0
22,486,20,0
23,486,60,0
24,486,30,0
25,486,80,0
0,488,190,0
1,488,20,0
2,488,100,0
3,488,40,0
4,488,50,0
5,488,30,0
6,488,0,0
7,488,0,0
8,488,0,0
9,488,10,0
10,488,0,0
11,488,0,0
12,488,0,0
13,488,0,0
14,488,0,0
15,488,0,0
16,488,0,0
17,488,10,0
18,488,0,0
19,488,0,0
20,488,0,0
21,488,0,0
22,488,20,0
23,488,60,0
24,488,30,0
25,488,80,0
0,490,190,0
1,490,20,0
2,490,100,0
3,490,40,0
4,490,50,0
5,490,30,0
6,490,0,0
7,490,0,0
8,490,0,0
9,490,10,0
10,490,0,0
11,490,0,0
12,490,0,0
13,490,0,0
14,490,0,0
15,490,0,0
16,490,0,0
17,490,10,0
18,490,0,0
19,490,0,0
20,490,0,0
21,490,0,0
22,490,30,0
23,490,50,0
24,490,40,0
25,490,70,0
0,492,190,0
1,492,20,0
2,492,100,0
3,492,40,0
4,492,50,0
5,492,30,0
6,492,0,0
7,492,0,0
8,492,0,0
9,492,10,0
10,492,0,0
11,492,0,0
12,492,0,0
13,492,0,0
14,492,0,0
15,492,0,0
16,492,0,0
17,492,10,0
18,492,0,0
19,492,0,0
20,492,0,0
21,492,0,0
22,492,30,0
23,492,50,0
24,492,40,0
25,492,70,0
0,494,190,0
1,494,20,0
2,494,100,0
3,494,40,0
4,494,50,0
5,494,30,0
6,494,0,0
7,494,0,0
8,494,0,0
9,494,10,0
10,494,0,0
11,494,0,0
12,494,0,0
13,494,0,0
14,494,0,0
15,494,0,0
16,494,0,0
17,494,10,0
18,494,0,0
19,494,0,0
20,494,0,0
21,494,0,0
22,494,30,0
23,494,50,0
24,494,40,0
25,494,70,0
0,496,190,0
1,496,20,0
2,496,100,0
3,496,30,0
4,496,60,0
5,496,30,0
6,496,0,0
7,496,0,0
8,496,0,0
9,496,10,0
10,496,0,0
11,496,0,0
12,496,0,0
13,496,0,0
14,496,0,0
15,496,0,0
16,496,0,0
17,496,10,0
18,496,0,0
19,496,0,0
20,496,0,0
21,496,0,0
22,496,30,0
23,496,50,0
24,496,50,0
25,496,50,0
0,498,190,0
1,498,20,0
2,498,100,0
3,498,30,0
4,498,60,0
5,498,30,0
6,498,0,0
7,498,0,0
8,498,0,0
9,498,10,0
10,498,0,0
11,498,0,0
12,498,0,0
13,498,0,0
14,498,0,0
15,498,0,0
16,498,0,0
17,498,10,0
18,498,0,0
19,498,0,0
20,498,0,0
21,498,0,0
22,498,30,0
23,498,50,0
24,498,50,0
25,498,50,0
0,500,190,0
1,500,20,0
2,500,100,0
3,500,30,0
4,500,50,0
5,500,40,0
6,500,0,0
7,500,0,0
8,500,0,0
9,500,10,0
10,500,0,0
11,500,0,0
12,500,0,0
13,500,0,0
14,500,0,0
15,500,0,0
16,500,0,0
17,500,10,0
18,500,0,0
19,500,0,0
20,500,0,0
21,500,0,0
22,500,30,0
23,500,60,0
24,500,50,0
25,500,30,0
